-- phpMyAdmin SQL Dump
-- version 5.0.2
-- https://www.phpmyadmin.net/
--
-- Máy chủ: 127.0.0.1
-- Thời gian đã tạo: Th10 16, 2020 lúc 04:42 PM
-- Phiên bản máy phục vụ: 10.4.11-MariaDB
-- Phiên bản PHP: 7.4.5

SET SQL_MODE = "NO_AUTO_VALUE_ON_ZERO";
START TRANSACTION;
SET time_zone = "+00:00";


/*!40101 SET @OLD_CHARACTER_SET_CLIENT=@@CHARACTER_SET_CLIENT */;
/*!40101 SET @OLD_CHARACTER_SET_RESULTS=@@CHARACTER_SET_RESULTS */;
/*!40101 SET @OLD_COLLATION_CONNECTION=@@COLLATION_CONNECTION */;
/*!40101 SET NAMES utf8mb4 */;

--
-- Cơ sở dữ liệu: `csdl_sm`
--

-- --------------------------------------------------------

--
-- Cấu trúc bảng cho bảng `classes`
--

CREATE TABLE `classes` (
  `id` int(10) UNSIGNED NOT NULL,
  `first_id` varchar(5) COLLATE utf8mb4_unicode_ci DEFAULT 'LH',
  `name` varchar(255) COLLATE utf8mb4_unicode_ci NOT NULL,
  `semester_id` int(10) UNSIGNED NOT NULL,
  `grade_id` int(10) UNSIGNED NOT NULL,
  `user_id` int(11) DEFAULT NULL,
  `created_at` timestamp NOT NULL DEFAULT current_timestamp(),
  `updated_at` timestamp NOT NULL DEFAULT current_timestamp() ON UPDATE current_timestamp()
) ENGINE=InnoDB DEFAULT CHARSET=utf8mb4 COLLATE=utf8mb4_unicode_ci;

--
-- Đang đổ dữ liệu cho bảng `classes`
--

INSERT INTO `classes` (`id`, `first_id`, `name`, `semester_id`, `grade_id`, `user_id`, `created_at`, `updated_at`) VALUES
(15, 'LH', '10a1', 9, 1, 1, '2020-08-29 07:15:12', '2020-08-29 07:15:12'),
(19, 'LH', '10a2', 9, 1, NULL, '2020-09-12 14:22:55', '2020-09-12 14:22:55'),
(20, 'LH', '10a3', 9, 1, NULL, '2020-09-12 14:23:10', '2020-09-12 14:23:10'),
(21, 'LH', '10a4', 9, 1, NULL, '2020-09-12 14:23:20', '2020-09-12 14:23:20'),
(22, 'LH', '10a5', 9, 1, NULL, '2020-09-12 14:24:54', '2020-09-12 14:24:54'),
(23, 'LH', '11a1', 9, 2, NULL, '2020-09-12 14:25:44', '2020-09-12 14:25:44'),
(24, 'LH', '12a1', 9, 2, NULL, '2020-09-12 14:26:04', '2020-09-12 14:26:04');

-- --------------------------------------------------------

--
-- Cấu trúc bảng cho bảng `class_student`
--

CREATE TABLE `class_student` (
  `id` int(10) UNSIGNED NOT NULL,
  `class_id` int(10) UNSIGNED NOT NULL,
  `student_id` int(10) UNSIGNED NOT NULL,
  `created_at` timestamp NOT NULL DEFAULT current_timestamp(),
  `updated_at` timestamp NOT NULL DEFAULT current_timestamp() ON UPDATE current_timestamp()
) ENGINE=InnoDB DEFAULT CHARSET=utf8mb4 COLLATE=utf8mb4_unicode_ci;

--
-- Đang đổ dữ liệu cho bảng `class_student`
--

INSERT INTO `class_student` (`id`, `class_id`, `student_id`, `created_at`, `updated_at`) VALUES
(47, 15, 50, '2020-09-12 12:10:04', '2020-09-12 12:10:04'),
(48, 15, 51, '2020-09-12 14:27:32', '2020-09-12 14:27:32'),
(49, 15, 52, '2020-09-12 14:28:06', '2020-09-12 14:28:06'),
(50, 15, 53, '2020-09-12 14:28:22', '2020-09-12 14:28:22'),
(51, 15, 54, '2020-09-12 14:28:38', '2020-09-12 14:28:38'),
(52, 15, 55, '2020-09-12 14:29:00', '2020-09-12 14:29:00');

-- --------------------------------------------------------

--
-- Cấu trúc bảng cho bảng `class_subjects`
--

CREATE TABLE `class_subjects` (
  `id` int(10) UNSIGNED NOT NULL,
  `class_id` int(10) UNSIGNED NOT NULL,
  `subject_id` int(10) UNSIGNED NOT NULL,
  `created_at` timestamp NOT NULL DEFAULT current_timestamp(),
  `updated_at` timestamp NOT NULL DEFAULT current_timestamp() ON UPDATE current_timestamp()
) ENGINE=InnoDB DEFAULT CHARSET=utf8mb4 COLLATE=utf8mb4_unicode_ci;

-- --------------------------------------------------------

--
-- Cấu trúc bảng cho bảng `class_user`
--

CREATE TABLE `class_user` (
  `id` int(10) UNSIGNED NOT NULL,
  `class_id` int(10) UNSIGNED NOT NULL,
  `user_id` int(10) UNSIGNED NOT NULL,
  `created_at` timestamp NOT NULL DEFAULT current_timestamp(),
  `updated_at` timestamp NOT NULL DEFAULT current_timestamp() ON UPDATE current_timestamp()
) ENGINE=InnoDB DEFAULT CHARSET=utf8mb4 COLLATE=utf8mb4_unicode_ci;

--
-- Đang đổ dữ liệu cho bảng `class_user`
--

INSERT INTO `class_user` (`id`, `class_id`, `user_id`, `created_at`, `updated_at`) VALUES
(12, 15, 14, '2020-08-29 07:33:08', '2020-08-29 07:33:08');

-- --------------------------------------------------------

--
-- Cấu trúc bảng cho bảng `grades`
--

CREATE TABLE `grades` (
  `id` int(10) UNSIGNED NOT NULL,
  `name` varchar(255) COLLATE utf8mb4_unicode_ci NOT NULL,
  `description` varchar(255) COLLATE utf8mb4_unicode_ci DEFAULT NULL,
  `created_at` timestamp NOT NULL DEFAULT current_timestamp(),
  `updated_at` timestamp NOT NULL DEFAULT current_timestamp() ON UPDATE current_timestamp()
) ENGINE=InnoDB DEFAULT CHARSET=utf8mb4 COLLATE=utf8mb4_unicode_ci;

--
-- Đang đổ dữ liệu cho bảng `grades`
--

INSERT INTO `grades` (`id`, `name`, `description`, `created_at`, `updated_at`) VALUES
(1, 'Khối 10', 'khối lớp 10', '2020-06-14 22:53:20', '2020-07-21 10:37:16'),
(2, 'Khối 11', NULL, '2020-06-14 23:19:12', '2020-07-21 10:37:16'),
(3, 'Khối 12', NULL, '2020-06-14 23:19:12', '2020-07-21 10:37:16'),
(5, 'chung', NULL, '2020-08-27 06:43:52', '2020-08-27 06:43:52');

-- --------------------------------------------------------

--
-- Cấu trúc bảng cho bảng `migrations`
--

CREATE TABLE `migrations` (
  `id` int(10) UNSIGNED NOT NULL,
  `migration` varchar(255) COLLATE utf8mb4_unicode_ci NOT NULL,
  `batch` int(11) NOT NULL
) ENGINE=InnoDB DEFAULT CHARSET=utf8mb4 COLLATE=utf8mb4_unicode_ci;

--
-- Đang đổ dữ liệu cho bảng `migrations`
--

INSERT INTO `migrations` (`id`, `migration`, `batch`) VALUES
(7, '2014_10_12_000000_create_users_table', 1),
(8, '2020_06_04_071944_create_roles_table', 1),
(9, '2020_06_04_072049_create_role_user_table', 1),
(10, '2020_06_04_072340_create_permission_table', 1),
(11, '2020_06_04_072435_create_permission_role_table', 1),
(16, '2020_06_10_031221_create_semester_table', 2),
(17, '2020_06_10_031432_create_grade_table', 2),
(22, '2020_06_10_031538_create_classes_table', 3),
(23, '2020_06_10_035608_create_students_table', 3),
(24, '2020_06_10_035651_create_class_student_table', 3),
(25, '2020_06_10_035719_create_subjects_table', 3),
(26, '2020_06_10_035756_create_class_subject_table', 3),
(27, '2020_06_10_035821_create_points_table', 4),
(28, '2020_07_21_170304_add_fields_to_subjects', 5),
(29, '2020_08_29_041331_add_votes_to_users_table', 6),
(30, '2020_08_29_042035_create_users_class_table', 6);

-- --------------------------------------------------------

--
-- Cấu trúc bảng cho bảng `permissions`
--

CREATE TABLE `permissions` (
  `id` int(10) UNSIGNED NOT NULL,
  `name` varchar(255) COLLATE utf8mb4_unicode_ci NOT NULL,
  `description` varchar(255) COLLATE utf8mb4_unicode_ci NOT NULL,
  `created_at` timestamp NULL DEFAULT current_timestamp(),
  `updated_at` timestamp NULL DEFAULT current_timestamp() ON UPDATE current_timestamp()
) ENGINE=InnoDB DEFAULT CHARSET=utf8mb4 COLLATE=utf8mb4_unicode_ci;

--
-- Đang đổ dữ liệu cho bảng `permissions`
--

INSERT INTO `permissions` (`id`, `name`, `description`, `created_at`, `updated_at`) VALUES
(1, 'nuDsNAuTtj', '1cKDgFiYGK', NULL, NULL);

-- --------------------------------------------------------

--
-- Cấu trúc bảng cho bảng `permission_role`
--

CREATE TABLE `permission_role` (
  `permission_id` int(10) UNSIGNED NOT NULL,
  `role_id` int(10) UNSIGNED NOT NULL,
  `created_at` timestamp NULL DEFAULT NULL,
  `updated_at` timestamp NULL DEFAULT NULL
) ENGINE=InnoDB DEFAULT CHARSET=utf8mb4 COLLATE=utf8mb4_unicode_ci;

-- --------------------------------------------------------

--
-- Cấu trúc bảng cho bảng `points`
--

CREATE TABLE `points` (
  `id` int(10) UNSIGNED NOT NULL,
  `mieng11` varchar(256) COLLATE utf8mb4_unicode_ci DEFAULT NULL,
  `mieng21` varchar(256) COLLATE utf8mb4_unicode_ci DEFAULT NULL,
  `mieng31` varchar(256) COLLATE utf8mb4_unicode_ci DEFAULT NULL,
  `tx11` varchar(256) COLLATE utf8mb4_unicode_ci DEFAULT NULL,
  `tx21` varchar(256) COLLATE utf8mb4_unicode_ci DEFAULT NULL,
  `tx31` varchar(256) COLLATE utf8mb4_unicode_ci DEFAULT NULL,
  `tiet11` varchar(256) COLLATE utf8mb4_unicode_ci DEFAULT NULL,
  `tiet21` varchar(256) COLLATE utf8mb4_unicode_ci DEFAULT NULL,
  `tiet31` varchar(256) COLLATE utf8mb4_unicode_ci DEFAULT NULL,
  `thi1` varchar(256) COLLATE utf8mb4_unicode_ci DEFAULT NULL,
  `tongket1` varchar(256) COLLATE utf8mb4_unicode_ci DEFAULT NULL,
  `mieng12` varchar(256) COLLATE utf8mb4_unicode_ci DEFAULT NULL,
  `mieng22` varchar(256) COLLATE utf8mb4_unicode_ci DEFAULT NULL,
  `mieng32` varchar(256) COLLATE utf8mb4_unicode_ci DEFAULT NULL,
  `tx12` varchar(256) COLLATE utf8mb4_unicode_ci DEFAULT NULL,
  `tx22` varchar(256) COLLATE utf8mb4_unicode_ci DEFAULT NULL,
  `tx32` varchar(256) COLLATE utf8mb4_unicode_ci DEFAULT NULL,
  `tiet12` varchar(256) COLLATE utf8mb4_unicode_ci DEFAULT NULL,
  `tiet22` varchar(256) COLLATE utf8mb4_unicode_ci DEFAULT NULL,
  `tiet32` varchar(256) COLLATE utf8mb4_unicode_ci DEFAULT NULL,
  `thi2` varchar(256) COLLATE utf8mb4_unicode_ci DEFAULT NULL,
  `tongket2` varchar(256) COLLATE utf8mb4_unicode_ci DEFAULT NULL,
  `tongket` varchar(256) COLLATE utf8mb4_unicode_ci DEFAULT NULL,
  `student_id` int(10) UNSIGNED NOT NULL,
  `subject_id` int(10) UNSIGNED NOT NULL,
  `created_at` timestamp NOT NULL DEFAULT current_timestamp(),
  `updated_at` timestamp NOT NULL DEFAULT current_timestamp() ON UPDATE current_timestamp()
) ENGINE=InnoDB DEFAULT CHARSET=utf8mb4 COLLATE=utf8mb4_unicode_ci;

--
-- Đang đổ dữ liệu cho bảng `points`
--

INSERT INTO `points` (`id`, `mieng11`, `mieng21`, `mieng31`, `tx11`, `tx21`, `tx31`, `tiet11`, `tiet21`, `tiet31`, `thi1`, `tongket1`, `mieng12`, `mieng22`, `mieng32`, `tx12`, `tx22`, `tx32`, `tiet12`, `tiet22`, `tiet32`, `thi2`, `tongket2`, `tongket`, `student_id`, `subject_id`, `created_at`, `updated_at`) VALUES
(395, 'eyJpdiI6IkE3THV0RUZ0eWROUFY4M0ZkbDVwZ2c9PSIsInZhbHVlIjoiY2ZSS2pqbyszMkY4UDRZRlk5YmdWUT09IiwibWFjIjoiM2E1NjVjMjM3YWNkOTJkMTFlNzU3M2Y2YTNiMzJmYWZhMjJlNDMyOGQyNjI0NzYzZDJiM2JhMTRjNjVjMDk2MCJ9', 'eyJpdiI6Iit2NSsyREJlVksxaVMwMkdET0VVeHc9PSIsInZhbHVlIjoiTzBPSEdBMFlMNVA0a1VuZHhLUmMrZz09IiwibWFjIjoiYWYwMjYyZmU4OTY3NWE3NmI3ZmFmNjU2NDdiZWYzZDY1ZDhmMTkxNmVmMDdlNmVjNmQ4MWJiMWFjY2UzYmY4MyJ9', 'eyJpdiI6ImczNGNseEN3M3EzVkI3MnZSeTA2NGc9PSIsInZhbHVlIjoiVy9DUHFKajNGUmp4WWk3SEVDVzdIdz09IiwibWFjIjoiMWM1MTg0MzgwMDc3ZWU5MTBmY2JiZGQwMjNmODNhMTdjNjRmN2IwNzZkMzc5ZjIxM2ZiZThkNzU5ZDVkODdlMyJ9', 'eyJpdiI6InZrKzdwWjh1T1Vacmg5eXZoYzA2QWc9PSIsInZhbHVlIjoiU2ZOR2FJb1p3alhVS2xhN2k4WGJCUT09IiwibWFjIjoiMTFlZGMwODFjYjM2MmQ4MGJkOGRkMmNjYzhlYzhjNTRkZmMwMmIzZDZkMDk5NDE3NDZlNmMyNTY0NGU4OGM0YiJ9', 'eyJpdiI6IllUaWJvL2p5ckFqdnl4dUR5SGNobWc9PSIsInZhbHVlIjoiOVNmbFdmVGFhbDRDdk5wcThoMFM1QT09IiwibWFjIjoiOTZmODAwMWMyM2UyZjJkZjFjZDFiYTZhNGU0NTAyNDc5OWUyZDJmYmE1YjA1YWFkMjFiZjRjMWIwMmRhNWY4YiJ9', 'eyJpdiI6Imk5MzFTWFZpZ2pZYzhWakkweGZzZ2c9PSIsInZhbHVlIjoiaVBuOVcwMVNsTDZFVHRjY0xtU0MwUT09IiwibWFjIjoiOWEwYjA5YTY5ZjBmMzliNDI3M2Y0MjM1NDA3OGI4ZjFmNzFiMGE2ZjM1NzQxOTMzN2FlY2U1YjM3ZGYzYzdlNCJ9', 'eyJpdiI6Imh6Z0YvUHdDRjNBVjJEdnVFcnVLY0E9PSIsInZhbHVlIjoiNld0T0FnVWloZFlRQzhFdGFydVQ2QT09IiwibWFjIjoiZjU4NDIyNjc5YTk1OTQ3NjlhNWYwN2Q5OTc5NWYxNTQ1ZGUyNzljZTQ4ZGEwNzczOWRkMmQ0NWIyNGQ4MjY5NiJ9', 'eyJpdiI6InhBc0NZQTBhNDZhd0I3MXoyNlF6VlE9PSIsInZhbHVlIjoieWtYeWg3TkhGTW51a2hiQmtFQ1FJZz09IiwibWFjIjoiZDcwNjI3ZWU4N2I4N2VjYjQ2MGExMTQwNGQ4YmRkMmE1NWE3YWQzYjc3OGJmNjZkNjNjMDgzYzhlZDFjMGRmNCJ9', 'eyJpdiI6ImhKRnRWS3hSTm51UEJQM0FBTUFMRFE9PSIsInZhbHVlIjoiMEdpU1NKSE11dmpIZkZEWWRDdFRtdz09IiwibWFjIjoiMzI4YmYzYjBkNjBjNzQ1YWM5Nzk2YTVjMWI2N2MwNDE2MDE4MDY1ODZmOThlZjFiNDliN2JiZTAzOTZhNThmZCJ9', 'eyJpdiI6ImhCMTZRb1l3WjVNQzZ0Z1hqbGRVa0E9PSIsInZhbHVlIjoiMCs1dmYzUVVVcDVqdS9wYzlIUVZpZz09IiwibWFjIjoiNGIxNDlkNWJhYzdlMDg1NTJhYjFiYWM2NTA0NzI0NzA3ODkyZGM3ZDgwODdkN2U0ZThmMDkwYzU0YTRhZGI0YyJ9', 'eyJpdiI6IlNjOGJVV0Z4M1dUSHUyMnNEQVgyWXc9PSIsInZhbHVlIjoiY01mdWtDcDVCV3R4dldOODJXK1k3QT09IiwibWFjIjoiNjkzYmY2NThkYmJkMzVhYTNkODJhNjNkZjdmNjI5OTUyNzlmNDg0ZTQ3YjZmZWI1M2JlMDdjNmY3OTBhYzRkMCJ9', 'eyJpdiI6InJoc3lnYVF1L090WUlPbE5BdHpYK3c9PSIsInZhbHVlIjoicHBLemNnRTcvbUV3SmFNVFllTUh6Zz09IiwibWFjIjoiNDBiODJhY2FhNTM5ZGU4MTc4N2VhYWExNWNhOTk2ZmE0OTNlNzkwMTc1YWU5NGY4NzQ3MjkwOTY3YjNjNDZjZSJ9', 'eyJpdiI6IktROWd3WmFZa1UvamVUSnZlZjJHSWc9PSIsInZhbHVlIjoiK0JwenRsR1FjbFE4Y3RqVFpDd1QrQT09IiwibWFjIjoiNGMwMmEzMDdlZjExNzA4ZDczZTAwNDI3MWUzZjMxODdjNDg0ZmYzOTljOWRjNzExMDM0MjEzYzk1ZGVhOTExYSJ9', 'eyJpdiI6IlU5QjRPWGpZNE4zKysySld1WnMwNmc9PSIsInZhbHVlIjoiVDcybjg0czhqVjBqTytPWjdaNXRYQT09IiwibWFjIjoiMzgzMzBhZTNlMDc1MTk5MDU4YWUzMWRmZWM4MDQyOTc0M2ZlYjdjMWIzNjQzNWI0ZWFiNDBhMDhiZDQ0ODgzMCJ9', 'eyJpdiI6InNvM2tnRFBIYVA4NEdTZ3JPRFFyN0E9PSIsInZhbHVlIjoiWk12Wnh1Nk15d2R2UUF3V2FaTmhHUT09IiwibWFjIjoiZjM3ODFjYmUxODAwZDY2YzNhODE1Mzc2MGQ4OWY3MjljYTlkNDIyNjdiNzhmNjU4ZmRkYjYxZWVmMzMyYjUzZSJ9', 'eyJpdiI6InJiZkJESXpRMEJHcFZJQ0NVWExvbWc9PSIsInZhbHVlIjoiaUdua2pIM2lQbDdyODg5b3FSMzNjdz09IiwibWFjIjoiZmNiN2EwNDExYzRiNTU5YzI2YmNiMGQ0NTAwODEwZDU4M2JmOTIwZGJlNGVhYmZhN2Y2OTA0ZDliOTE0Nzg0YiJ9', 'eyJpdiI6IlhYL0pHZDF2SjJmbnFnVFJ6KzJCeEE9PSIsInZhbHVlIjoiajVBWEZRWGJDa1kyN3NtRm9DNTNmZz09IiwibWFjIjoiZjUyYTQ4M2U3YWEwOTBkMzA2ZWMxZmJhZWQxMjYxODVlMTUzZjc0MzU1NGVhMGFjMDlkMDY1NDU1OTY4MmZmMCJ9', 'eyJpdiI6InA0ditUa2dneWJpZU5nSmtiaVQ2c0E9PSIsInZhbHVlIjoiejVHdm5PeGxkc3YrZHBHd3A5SlpEdz09IiwibWFjIjoiMmY3M2RhMGFkMjkwOTEyM2VlZDI1OTAzNDI3YWQ0NDNhNDUwYTFiOTYwYmI0MzgwZDNlZWMxMjk5YjE4Y2JkMSJ9', 'eyJpdiI6InFzcUorTDF0MkZuanRGekZicVJ1cVE9PSIsInZhbHVlIjoiUSt4MlZvQlNVOXc3SytoS05ObjBJZz09IiwibWFjIjoiODFiZThkNWQ5N2Y4ZDBlMGY0YTJlYjcwOWYyZTU2ZjgzNTkzNDYwN2I0ZjMyM2IxMDgxNzI1NjBiOWU3NTc1MyJ9', 'eyJpdiI6ImZZbkVMK1lEQ2VjRTc5bnZDNWdaYVE9PSIsInZhbHVlIjoiMjV3VW1sTzgwMGtpdDg2YzhjM1FOdz09IiwibWFjIjoiZjYyNjkzNGFlNjFiYjM3Y2Y5MmMxNWQ2Njc4ODVhYmQzYjM3NzJlNzk2NDVmZjk2ODlmYWU0MzMyNDBmMjBmOSJ9', 'eyJpdiI6InQ1RTBMY25Fc0dpekFTeTlOTlJ6cFE9PSIsInZhbHVlIjoiaitHY1VQdXh3YVBNM3FUNlNjSWY3dz09IiwibWFjIjoiZjgxNTk3MjBkNGRhY2RmMTUxMjNlMmFmN2MxMTI0NTgzOTQ3NzU4M2RhNDZhMjU4ZTU5ZmQxODBlY2MwZTA3YSJ9', 'eyJpdiI6ImpFMXRXZmlNTkRTczlVL3d5VUZZZWc9PSIsInZhbHVlIjoiWEhzb2NBRkFRQnBWNFhDOGdoVXh6QT09IiwibWFjIjoiMGQ5NDZmNDY3MjYzYmRiMThjMjUyNTEyMmMwYjVmZmE1ZDk3MzcxMjA1MWI5NGUwMGJlNjJkNWQyMDg3NjEwZCJ9', 'eyJpdiI6InArVmZiM3lHK2x6WWp5RGwvS0MxbHc9PSIsInZhbHVlIjoiUjB5UlMwNVd0bER5dUpvcnYrQ1UvQT09IiwibWFjIjoiYjNiZjIxNjI4OGZhZTdiMmIzMzRjNDMwZTFjMzBmODg4NDAxMTY5MTAwN2Y4MGU1NWZkYmQ0MTdhM2Y3ZDY1YSJ9', 50, 4, '2020-09-12 12:10:04', '2020-09-12 12:31:57'),
(396, NULL, NULL, NULL, NULL, NULL, NULL, NULL, NULL, NULL, NULL, NULL, NULL, NULL, NULL, NULL, NULL, NULL, NULL, NULL, NULL, NULL, NULL, NULL, 50, 5, '2020-09-12 12:10:04', '2020-09-12 12:10:04'),
(397, NULL, NULL, NULL, NULL, NULL, NULL, NULL, NULL, NULL, NULL, NULL, NULL, NULL, NULL, NULL, NULL, NULL, NULL, NULL, NULL, NULL, NULL, NULL, 50, 6, '2020-09-12 12:10:04', '2020-09-12 12:10:04'),
(398, NULL, NULL, NULL, NULL, NULL, NULL, NULL, NULL, NULL, NULL, NULL, NULL, NULL, NULL, NULL, NULL, NULL, NULL, NULL, NULL, NULL, NULL, NULL, 50, 7, '2020-09-12 12:10:04', '2020-09-12 12:10:04'),
(399, NULL, NULL, NULL, NULL, NULL, NULL, NULL, NULL, NULL, NULL, NULL, NULL, NULL, NULL, NULL, NULL, NULL, NULL, NULL, NULL, NULL, NULL, NULL, 50, 8, '2020-09-12 12:10:04', '2020-09-12 12:10:04'),
(400, NULL, NULL, NULL, NULL, NULL, NULL, NULL, NULL, NULL, NULL, NULL, NULL, NULL, NULL, NULL, NULL, NULL, NULL, NULL, NULL, NULL, NULL, NULL, 50, 9, '2020-09-12 12:10:04', '2020-09-12 12:10:04'),
(401, NULL, NULL, NULL, NULL, NULL, NULL, NULL, NULL, NULL, NULL, NULL, NULL, NULL, NULL, NULL, NULL, NULL, NULL, NULL, NULL, NULL, NULL, NULL, 50, 10, '2020-09-12 12:10:04', '2020-09-12 12:10:04'),
(402, NULL, NULL, NULL, NULL, NULL, NULL, NULL, NULL, NULL, NULL, NULL, NULL, NULL, NULL, NULL, NULL, NULL, NULL, NULL, NULL, NULL, NULL, NULL, 50, 11, '2020-09-12 12:10:04', '2020-09-12 12:10:04'),
(403, NULL, NULL, NULL, NULL, NULL, NULL, NULL, NULL, NULL, NULL, NULL, NULL, NULL, NULL, NULL, NULL, NULL, NULL, NULL, NULL, NULL, NULL, NULL, 50, 12, '2020-09-12 12:10:04', '2020-09-12 12:10:04'),
(404, NULL, NULL, NULL, NULL, NULL, NULL, NULL, NULL, NULL, NULL, NULL, NULL, NULL, NULL, NULL, NULL, NULL, NULL, NULL, NULL, NULL, NULL, NULL, 50, 13, '2020-09-12 12:10:04', '2020-09-12 12:10:04'),
(405, NULL, NULL, NULL, NULL, NULL, NULL, NULL, NULL, NULL, NULL, NULL, NULL, NULL, NULL, NULL, NULL, NULL, NULL, NULL, NULL, NULL, NULL, NULL, 50, 14, '2020-09-12 12:10:04', '2020-09-12 12:10:04'),
(406, NULL, NULL, NULL, NULL, NULL, NULL, NULL, NULL, NULL, NULL, NULL, NULL, NULL, NULL, NULL, NULL, NULL, NULL, NULL, NULL, NULL, NULL, NULL, 50, 15, '2020-09-12 12:10:04', '2020-09-12 12:10:04'),
(407, NULL, NULL, NULL, NULL, NULL, NULL, NULL, NULL, NULL, NULL, NULL, NULL, NULL, NULL, NULL, NULL, NULL, NULL, NULL, NULL, NULL, NULL, NULL, 50, 16, '2020-09-12 12:10:04', '2020-09-12 12:10:04'),
(408, 'eyJpdiI6Im42bUxVc1RwcDBFZzVwVEFYRFMwcWc9PSIsInZhbHVlIjoiRFdXSzN4ZXlSOTBXYzBuNmlIQzNqQT09IiwibWFjIjoiNTg0NzIyMjQ3MjYxOGYwMTYxZWM0NDMyZGZlNGE0Mzc3NTJlMzg5NTcxNjdjZjYxMzFmMjhlODYyYmRhOTYzMSJ9', 'eyJpdiI6ImVTbGF0WTZ2S1NOWG52NEJBdGJVblE9PSIsInZhbHVlIjoiRElxbnVQSUIzU3kvMlZ2MnRTYnUyUT09IiwibWFjIjoiMzhmMWE5ZjRhZTU2NTQyNmE3ZjhlNjkwMDU0ZmEyYjc5OTdhMjVjMzViZTQxZjEyMjczMWIzZTE3MThlNzQzZiJ9', 'eyJpdiI6IjFoR0EvZGxwYkdFVEgvVW83SlZqM0E9PSIsInZhbHVlIjoiN1VEZlFHTFRPRzU2cnhTR3V4dEtUUT09IiwibWFjIjoiNGQzMmFmZTE0OTk2Zjc5YmY2YjQwM2EzMDFlMjE3ZDQ0NTM2NzQ2NjYxOTlmMTkyYzBmODUyODYxODNiZGM1MCJ9', 'eyJpdiI6Ik5hSlRlM1RhZUdmbjZ4dzRZN2FWTWc9PSIsInZhbHVlIjoibHByKzN6MC9PdndGbUF5ZGt4R2lTdz09IiwibWFjIjoiNzgxMWE0ZTU1ZWI4MjQzYjIzNTY3NTRjMWM4MTg3OTg5MDNlYmYwMTc4NDZlYmE0MjM1NmQwYmRlYjg3OWYyMyJ9', 'eyJpdiI6InkzZldISmk3OS9XR25FYXo0OGJiYlE9PSIsInZhbHVlIjoiRVVwbzZuVkJWNWhHTTRwVTZlUzJQUT09IiwibWFjIjoiZDI5N2Q1OWQxODQ0ODJkZDQzNjllNjdiOGViZDQ5MmY1OTVmNDc0YjhjZDU4YzEyMTlhZmM5ZThlZmJjODEyMSJ9', 'eyJpdiI6IjFsb3lCZmF4eStBNUMyUWtyL3liZFE9PSIsInZhbHVlIjoiMDczQWlwWUNBeU85aTBEamp6S1hJUT09IiwibWFjIjoiMTMzZmRkNGY5ZmE0YTEzNDI0Mjk4ZDQxMmI5NTdmMDA1MzQ1MzQwOTg1ZDFiY2YzMzYwYjgxOTkyZDg4YTM1YiJ9', 'eyJpdiI6InI3a1A4YlpPeEpWZUhhMjVnQm00Znc9PSIsInZhbHVlIjoiMWV4cjVqU2thRjdFTGtGSHlGeUZtQT09IiwibWFjIjoiMDk5Yzk1MDFkMjAwMmEwZTQ3YTZiZTg2NDVlYzQ5MjdhYmM5NGFjYzYwYzVlYTM2Yjk2Mzc1ZTcyMTYzZmVjZCJ9', 'eyJpdiI6Ijd5TkpsQmg2WDNZWHhYN3UxSU5lV3c9PSIsInZhbHVlIjoibDN6MTJjWWYyS2lYQ24zRCtTODBHUT09IiwibWFjIjoiOTM3MjlkNDUyNGFjZTU1ZWQ1OTg3OGVkNTk1ZDJlMDY1YWM4OTczMWJhMmY5NDMzYmQyZmQ5ZjIwOGVjZDZhYyJ9', 'eyJpdiI6Im41NXpONEZ0NFlsejB5dGZXdTkxK3c9PSIsInZhbHVlIjoiR2RGRUcxc1lha2cxZU0wcUFGZ2dMZz09IiwibWFjIjoiNjUxOTA4MGYwZWY0OGRjZTdlMDM0NTc3MmM1ODQ0Mzk0NmM0OTJlZWVlNjM1YTg1NWRmOTUyNWZhOTQ2MjdlNiJ9', 'eyJpdiI6IklOUUhUODV2bEdkaWkvekxZaUpZU2c9PSIsInZhbHVlIjoiMnRqT1o5RWhWZTl1VkFKRUtteExMUT09IiwibWFjIjoiYWJmZWM3ZWUxMWM5NjVmNWVkM2E5ZjdlMmQ5YzdhNTM3OTc3MjRjMGYzZWY3Nzc1MjQ2ZDUzNGJiNDAyZDFiOCJ9', 'eyJpdiI6ImRNL3BnM3dCMk1yWDlGbWd1eGs5eVE9PSIsInZhbHVlIjoiSzJKeTczU0JJSnR2R0xwNldVa2RRUT09IiwibWFjIjoiMzkyNmY4ZTdmM2M0ZjlhODYyYjRkYjJjNTQwZjdmN2NhYzAxZGY0MWFjMGNkNDM0MzZkZGM2OWRmYTBjZmI3MSJ9', 'eyJpdiI6IkRUMUdCT3V6MDI2alNHV3lNbnUrcHc9PSIsInZhbHVlIjoiUnJranlYNlE4Ti9Va0VBTHEzQThQdz09IiwibWFjIjoiMTBmNzFmNzE4ODUxZGZmY2QwN2M0NDZmYWQ5NmRlNzYzZmMyOWFkYjk3MGE1Y2M1NDAzNmViMjNiOTFlYzU1NyJ9', 'eyJpdiI6IkRFZFl4eWxxVHFkc2pVbVUwOGdxWkE9PSIsInZhbHVlIjoiYTkzajErcWR1RUxxS1BvaTJnY0x3Zz09IiwibWFjIjoiNGRhNjMzM2UxMDZiM2Q2YzNmOGM1ODg5MmRhYjgwNWVlYWM1YTU3NmI1ZjhkODc1NjQ4YzU5NzJmMzUwYTk0ZCJ9', 'eyJpdiI6IjJsdUpSSnI2bkNKZkpML0xndXhEalE9PSIsInZhbHVlIjoiMXJmQnBWeHdiVnpJZm5MQkIxOWhXZz09IiwibWFjIjoiYTA5ZTMyMGRiNDUyYTllMTZjZDk1YmI4M2MyNjM3N2FhOWZlOTliMmY4YWVhNTJjZTJlODJhMjRmY2QwODgwMCJ9', 'eyJpdiI6IkdJTDdKY1FYUEpzWWpZekpWM2FKaXc9PSIsInZhbHVlIjoiZ3NiMVdUSWhqbEplU3RwYWpkSWRiUT09IiwibWFjIjoiNzY0M2E1MjY5YTg4ZWQ1OTRiMjFkYTFhY2NhZjE4ZjZlYWEwOTdmMmQ4NzAzZGM1OGMyYWZiOTZiMzMwNjc0YSJ9', 'eyJpdiI6ImFEMHY0OW9yam8zRTFjRVRPbUt2NXc9PSIsInZhbHVlIjoiTUt3cnMxWnA4VXdkZGtGUnJyUk9Pdz09IiwibWFjIjoiN2E3M2QxYTFjZTI3Y2ZmMjZjNDY5MjNjNDllNDY2NzM4YmQxYmEyMWM0MDA0OTMwMWMxNjI5ZmZhMmQyMDQyZSJ9', 'eyJpdiI6Ilk0WVlYZUc0cHBrd01RSGJEMnJRTlE9PSIsInZhbHVlIjoiMy80eEtUNDd2UVRHN0tnaFBvbDZTZz09IiwibWFjIjoiOWM5NTIzNmJhNjE3MmQ1YjRmMzcwZmNmMWU5ZTMwOGQ2MDdiNjBiYTYyMzE1MmViYjQwNzU3NjViZTZlZDY2YiJ9', 'eyJpdiI6Im9wZUtOQi9pTytqVFhpTTErbGxQUXc9PSIsInZhbHVlIjoibUhKeHpWMDVadGt4VElyZnFBeGZjQT09IiwibWFjIjoiNGZiYjU3ODk1MTEwYTdlOWUwY2VjZTgyYTljZDc3YjhiYTZlZjc0N2YzYzZkZDg4MWIxYTk0MzE2ZjQ1NTVjZCJ9', 'eyJpdiI6InZsdGUwYktWNEVsVzdqa1h3QjE2c0E9PSIsInZhbHVlIjoieEhkMjdHYmVaYnpibHE1SGNTTFpUQT09IiwibWFjIjoiYTYxZTFjNDVjMjBkMGI5ZGVjYjZmODMyMjg5NTRiMWI2NmJhZmZlZTAxMmVmNWVhNTY1N2JjZTVjZjJlMTIxNCJ9', 'eyJpdiI6InJhRTczQ01lMllaekhKRFh6QnJ0WGc9PSIsInZhbHVlIjoiMW9VaStLaWVHbzFTTkNOdlB6WkdHUT09IiwibWFjIjoiNTRlYjA0M2IwMGJkYTcwMmFmOTUyMDQ4Mjk4NzNjZDMxYmQ4MzcxNWQ4NDFjZmFjNzc2Nzg5YWQ4Nzk1YmFiYSJ9', 'eyJpdiI6IlV5RUxvMERoVUZNTUVOeXR3OE8wK0E9PSIsInZhbHVlIjoidTN6YzFPY3pnbC9BVlowc3oxWloyQT09IiwibWFjIjoiZDBmY2ZjMTIwZGUzYmIzMDYxMmQ3YjJmYjEzOWFlMDRlZmRiNThkZjlhM2FkMWQzNjBhMDM0MTE1YWIyYWVlZSJ9', 'eyJpdiI6ImpZODAvdkpkS2dtdDY2NTgwOGZhMWc9PSIsInZhbHVlIjoiQnZVV3hBOGNIZDFHOXFrSGZlb0xlQT09IiwibWFjIjoiYmMzZmQyNjIzMjE1NmE2ZDUzZDY4M2QxMGRmMzZkODY5YTI3OGE4MjcwZWRmYTE3MDUxOGFlYTJmN2QwZDE3OCJ9', 'eyJpdiI6ImlycFlQYUNiclp0YS81VFRCblFuSHc9PSIsInZhbHVlIjoidmZoQmlDeE82UEtBUXlmbDcxanN0QT09IiwibWFjIjoiNzU1MDUzM2U0NTM0MjJjOTI4NTJlMzM3YmQwMGM2MzU4ZmQ3ZDZiYTM4YjM4YTczNzFkMTQxY2U5MjllZDc3NyJ9', 51, 4, '2020-09-12 14:27:32', '2020-09-12 14:37:18'),
(409, NULL, NULL, NULL, NULL, NULL, NULL, NULL, NULL, NULL, NULL, NULL, NULL, NULL, NULL, NULL, NULL, NULL, NULL, NULL, NULL, NULL, NULL, NULL, 51, 5, '2020-09-12 14:27:32', '2020-09-12 14:27:32'),
(410, NULL, NULL, NULL, NULL, NULL, NULL, NULL, NULL, NULL, NULL, NULL, NULL, NULL, NULL, NULL, NULL, NULL, NULL, NULL, NULL, NULL, NULL, NULL, 51, 6, '2020-09-12 14:27:32', '2020-09-12 14:27:32'),
(411, NULL, NULL, NULL, NULL, NULL, NULL, NULL, NULL, NULL, NULL, NULL, NULL, NULL, NULL, NULL, NULL, NULL, NULL, NULL, NULL, NULL, NULL, NULL, 51, 7, '2020-09-12 14:27:32', '2020-09-12 14:27:32'),
(412, NULL, NULL, NULL, NULL, NULL, NULL, NULL, NULL, NULL, NULL, NULL, NULL, NULL, NULL, NULL, NULL, NULL, NULL, NULL, NULL, NULL, NULL, NULL, 51, 8, '2020-09-12 14:27:32', '2020-09-12 14:27:32'),
(413, NULL, NULL, NULL, NULL, NULL, NULL, NULL, NULL, NULL, NULL, NULL, NULL, NULL, NULL, NULL, NULL, NULL, NULL, NULL, NULL, NULL, NULL, NULL, 51, 9, '2020-09-12 14:27:32', '2020-09-12 14:27:32'),
(414, NULL, NULL, NULL, NULL, NULL, NULL, NULL, NULL, NULL, NULL, NULL, NULL, NULL, NULL, NULL, NULL, NULL, NULL, NULL, NULL, NULL, NULL, NULL, 51, 10, '2020-09-12 14:27:32', '2020-09-12 14:27:32'),
(415, NULL, NULL, NULL, NULL, NULL, NULL, NULL, NULL, NULL, NULL, NULL, NULL, NULL, NULL, NULL, NULL, NULL, NULL, NULL, NULL, NULL, NULL, NULL, 51, 11, '2020-09-12 14:27:32', '2020-09-12 14:27:32'),
(416, NULL, NULL, NULL, NULL, NULL, NULL, NULL, NULL, NULL, NULL, NULL, NULL, NULL, NULL, NULL, NULL, NULL, NULL, NULL, NULL, NULL, NULL, NULL, 51, 12, '2020-09-12 14:27:32', '2020-09-12 14:27:32'),
(417, NULL, NULL, NULL, NULL, NULL, NULL, NULL, NULL, NULL, NULL, NULL, NULL, NULL, NULL, NULL, NULL, NULL, NULL, NULL, NULL, NULL, NULL, NULL, 51, 13, '2020-09-12 14:27:32', '2020-09-12 14:27:32'),
(418, NULL, NULL, NULL, NULL, NULL, NULL, NULL, NULL, NULL, NULL, NULL, NULL, NULL, NULL, NULL, NULL, NULL, NULL, NULL, NULL, NULL, NULL, NULL, 51, 14, '2020-09-12 14:27:32', '2020-09-12 14:27:32'),
(419, NULL, NULL, NULL, NULL, NULL, NULL, NULL, NULL, NULL, NULL, NULL, NULL, NULL, NULL, NULL, NULL, NULL, NULL, NULL, NULL, NULL, NULL, NULL, 51, 15, '2020-09-12 14:27:32', '2020-09-12 14:27:32'),
(420, NULL, NULL, NULL, NULL, NULL, NULL, NULL, NULL, NULL, NULL, NULL, NULL, NULL, NULL, NULL, NULL, NULL, NULL, NULL, NULL, NULL, NULL, NULL, 51, 16, '2020-09-12 14:27:32', '2020-09-12 14:27:32'),
(421, 'eyJpdiI6Im1Bb2J3dG4zbit2Nm9ieURUUXhOdEE9PSIsInZhbHVlIjoiZmtnR2hmWXJFUFJuRWFiTWxHYjBYQT09IiwibWFjIjoiZTg1Mjk5M2U0YWJlNzg4MDJiYjUzNmEwMWFhNjZhMjBiYTBhYmNjNmUyY2M2MTE5NTYxMzJmMTU4YTE0YTk5NiJ9', 'eyJpdiI6Ik85cEJ6c0dXOVFUbXFaaFozYVpaYVE9PSIsInZhbHVlIjoiVzZ2TllFNElYdHpjQzhUbFFQUTFhdz09IiwibWFjIjoiZGRhNDNkNGRiMWU1MDEwY2QxMjU4N2ZmOGI1Yjk2OTViYTVkYWQ5MzViYTE3ZDBlYTY1MjRkYmRhMDA4MDA0NCJ9', 'eyJpdiI6InAzNjBOWVlXODd2YmVXbjAxRm9tSnc9PSIsInZhbHVlIjoiV3lBKy9rYlJucWpCY3pFOE1sZzd5dz09IiwibWFjIjoiYTYxMzNmZTA1ZTE0YzM4ZTVhZjkyOGFkOGJhMjAzOTA0NTUzZmJlNjhjZWQ5NGY4ZWRlM2RmNmFlOTMwZmM2NSJ9', 'eyJpdiI6IkdVelJtZ0tkNkxGcUV0dEVDdjlnYWc9PSIsInZhbHVlIjoidmh5Y0F4S2xlblpSZWJPK3B5TkxFQT09IiwibWFjIjoiN2E5NzgwNWEzNTlhMDhjMWVjYmUxMTc5NWE5MGM3ZGU0NzE1M2M5ZGU0MDE0N2IyY2U3NDRmMzIxOGE4Nzc1MSJ9', 'eyJpdiI6IlhVdWEzMHhQa2dOY0VjcXQ5ZmQ5OVE9PSIsInZhbHVlIjoiNDlwUCtOMllCRG4yd2ZlRFVHcHJFQT09IiwibWFjIjoiZDkxYWJhZTJmODE4MzgzODBjZTAwYzZkOTI1ZWE3NzAyODdjZTFkOTAwMGJiN2E3MjNjNWM4ZmI2MDI0MmQxZCJ9', 'eyJpdiI6ImdJSm9YRkhpcXBaN0l0Y1lZclBUSlE9PSIsInZhbHVlIjoib25sNDRjZ2VYeVM4dFZCVDdyTndvdz09IiwibWFjIjoiYjZkYmQxNGU4N2RmOWRhMDJkMmJiNWNmODJkNzU3NDU4MGY4ZmJmY2JkYjExMDk3ZTFmODNkMjQ0YmI2MGE1MCJ9', 'eyJpdiI6InNJSDZzZ0FVcHB6SUI4VWVkUXVXS2c9PSIsInZhbHVlIjoiQjM1V0c4dnltT1ZUNVdZZitFSS9ydz09IiwibWFjIjoiN2VlOWUwZGM1ZDg5ZDEwOWQ1Y2U3NzQ4NzQ3OWEzOTA2ZTRhOWFkNmE0ZWZmMDU0NGZlMGFkYWFmNTk0Mzg0MyJ9', 'eyJpdiI6IjdCSm9GNStpR2VNTGpTclBzV1VoNGc9PSIsInZhbHVlIjoieHR3MVdjY2dRRWNHd0RLTGl6NlZpdz09IiwibWFjIjoiNjE4MDYxZjBlMzEwNGYzNGFmOTVlOTU3MTM3OTkyMWQ2ZTRjNzc1MmRkNDEwN2RmYWE1NmE5NDJkMTExNGQzZiJ9', 'eyJpdiI6InZ6b3ZNYy9Ydi9NUmZRWTF4cE4xYWc9PSIsInZhbHVlIjoibjU2b3lUVkJrTXVkMTRMWEo2cnhuUT09IiwibWFjIjoiYWU0MzJmNTkxMGJlMWU1YjllNjM0NzdmZDUzM2JiNmFmZTE1MzQ5MWVlZTY1MmFkODAwZWIyNzI5Y2UzMzJkZiJ9', 'eyJpdiI6IkVJM3FHUktVZ3JZalhMejgwKzA5eGc9PSIsInZhbHVlIjoiSjNEb3h0UzZwWlR2ZTN0MDYzVFJOZz09IiwibWFjIjoiMGYwNjZhZjFmNWFjZWE4YTZhNWNhODEyNTMyMDVmZTEwNjJjOWMwZDUwZDBiZjM1MTRmZGFiZGE1YmZiOTk3MCJ9', 'eyJpdiI6Ik4ydkl2L1oyb2tJSGJQMTI0WDNhdFE9PSIsInZhbHVlIjoiUFhabFdGY2tjRnBlMUhwbnJEc21NQT09IiwibWFjIjoiYTkyYTdmZjYwZWY4MDkxYWZlNjU2YTJhNjBkMmY5MjIzMmU0MWI4Y2ZlZWJmYTIwZGNiNTljNmNhMjMwMzgwOSJ9', 'eyJpdiI6Ilk1UysvZEVDVGlFc3d0ZHBndkxIQnc9PSIsInZhbHVlIjoiM2lMajUxME50NHdGL0FmL25EMzBrQT09IiwibWFjIjoiMjEyMmM4Y2YwZGRjZWQyMDU4ZDEzZDFlYjE2ZjJlNDc3ZWNiYTZiMWJiN2ViZDZmNGMzMzNkMmQyMDg2ZDgxOSJ9', 'eyJpdiI6ImpUZHdhWjQ2eHBWMElsWUpFcmdTZ1E9PSIsInZhbHVlIjoiSTZBaXdLS0ZPTVVkN3pLZktVdkJUQT09IiwibWFjIjoiODRlNWUzNDU2MmQzNDhkY2U4YTEwZGE1ZTY3N2E4OTZkMTcyMzM1YmRhN2E3NWIxODVlOGZhODAzYTVmYmY4NyJ9', 'eyJpdiI6InY1ZEpaTG40cGxmbVJVU2VIVDNQeXc9PSIsInZhbHVlIjoiUXlXTUdmVUZWbVplTENWM0R0U2tvdz09IiwibWFjIjoiOTY5MWI0Y2NkOWNhOGRjYmVkMDkxY2U1OTI3MThlZDQyMzdlMTE3NGFlZWU5YjllMjA0MTRhOTc4NDZhMTgzMyJ9', 'eyJpdiI6IjByOENtdmdGaXltTFYvQW1UMGpKWHc9PSIsInZhbHVlIjoiNllIR1FsZklnQVlPZTFwdktBOTVrdz09IiwibWFjIjoiMTNmOGEwNGFkNWNjYjhmNTk0M2MwMzRlODU4NTk0NjQ3OWViZTBmMzQ4MDM5NjY2ZTY0MTdkMjc2NzZhYjZlMCJ9', 'eyJpdiI6Im9rZ3V1U0M1bmhDQUhYTlBnM01hVGc9PSIsInZhbHVlIjoiVXhkRVFPdCs4SUVCTU4vMmpQOXY2QT09IiwibWFjIjoiN2Q2OTg5ODJmNTc4YzgxMmY3NTJlYjE1YWY0MTBiMDdiYjBjZTNlMGUxNzc3MGU2NGQxNWZlNDJlNTQ2ZjY1NSJ9', 'eyJpdiI6IklyWkM2OW0wV2Q2TmdEMkZheFdORXc9PSIsInZhbHVlIjoiMWtVZkNHeDZRNEdCQ3M3VVFRbTNQQT09IiwibWFjIjoiZmU4MjNjZjk3NjQ4YjIzZmM0YjYzNWRmNWFjYmIxNjcwNWVkYWQ2MDQ4OTU3OWE0MDE3YWY5NzVlMzcxNGM5NyJ9', 'eyJpdiI6InJIdngvNWFmbU11Y1Q5K1gvc1NUb3c9PSIsInZhbHVlIjoiOXRSbzlJK3ZnaUZUbk9ubWhabnBoQT09IiwibWFjIjoiYTBmZjA3N2Y1MjljZmNiZDZmNTA5ZjVkNDJkMGFjNTRlOWQyNjhkMGQxODkzYjNiYjMwMmRhMGMzMzMzZjY4NiJ9', 'eyJpdiI6IjZQK2pmakluR05TbjM2OXFDdkRDbkE9PSIsInZhbHVlIjoiNi9TaWY3c1I2MHhMUXV2dCtVTmJUdz09IiwibWFjIjoiNTZlZjFhNWQ0MWQ1OWIxOWE2NjU0YTc2YzVkYzExNjRhOWQ5NGYyMWRjNjViN2M2MDNmMWRjMDM0N2MxMWYzYiJ9', 'eyJpdiI6ImZJd3FkOGNWdFJqZ0o4YmtYd2dtdFE9PSIsInZhbHVlIjoiZklsSTd5RjV4aURVTS90Q0RMNHR1QT09IiwibWFjIjoiNDZlN2M2MWZhZTQ1MDBhNmM3N2M5NjE3ZDU3MWFjNmEzYmI3NzI0MWMxMTM2Yzg1ZGU3MTgzMzA5NWYzZGU5NCJ9', 'eyJpdiI6IkNKcDlnSHl0TzBPQWFnK1V1bXF2TWc9PSIsInZhbHVlIjoiYytQYjhacHQyelN1cFhrbm1KaU92UT09IiwibWFjIjoiZjhlMGFlYzJkYWNmMjdjYWNjMmMzMjU3NzZlOTNhZDBlYzkyZGYwZjcwY2MyOGI0NTkzMDRjYTM1NGU5M2Y0MCJ9', 'eyJpdiI6InNGd2JlUHFMamFKK0p5bE14aCs3UHc9PSIsInZhbHVlIjoiVFFCQkZ6S0NGLzladHBxVWU1Z250dz09IiwibWFjIjoiZDc0OGQ0YjdmNzg4MTg3YzRkMDAyNWRjODRjOWFiZjIxYTQzMDNmNWRmOWRiZmE5NjYzNmI4OWFiMDQ0YTU1ZiJ9', 'eyJpdiI6ImRrS2xTeTFsS1BqQ2FlTnJzVWlUVmc9PSIsInZhbHVlIjoiRnI5Nkk2TTZ5UnBJT00va0xkMHVkQT09IiwibWFjIjoiNjg1ZWI5ZTEyMzEzNmIxMTBhZTY0NDVlNjM4OWYzMTc2YmNiMjVlNWQ5MTdhODNiZjRhOTU0NjFkZGFjNDA3YyJ9', 52, 4, '2020-09-12 14:28:06', '2020-09-12 14:37:42'),
(422, NULL, NULL, NULL, NULL, NULL, NULL, NULL, NULL, NULL, NULL, NULL, NULL, NULL, NULL, NULL, NULL, NULL, NULL, NULL, NULL, NULL, NULL, NULL, 52, 5, '2020-09-12 14:28:06', '2020-09-12 14:28:06'),
(423, NULL, NULL, NULL, NULL, NULL, NULL, NULL, NULL, NULL, NULL, NULL, NULL, NULL, NULL, NULL, NULL, NULL, NULL, NULL, NULL, NULL, NULL, NULL, 52, 6, '2020-09-12 14:28:06', '2020-09-12 14:28:06'),
(424, NULL, NULL, NULL, NULL, NULL, NULL, NULL, NULL, NULL, NULL, NULL, NULL, NULL, NULL, NULL, NULL, NULL, NULL, NULL, NULL, NULL, NULL, NULL, 52, 7, '2020-09-12 14:28:06', '2020-09-12 14:28:06'),
(425, NULL, NULL, NULL, NULL, NULL, NULL, NULL, NULL, NULL, NULL, NULL, NULL, NULL, NULL, NULL, NULL, NULL, NULL, NULL, NULL, NULL, NULL, NULL, 52, 8, '2020-09-12 14:28:06', '2020-09-12 14:28:06'),
(426, NULL, NULL, NULL, NULL, NULL, NULL, NULL, NULL, NULL, NULL, NULL, NULL, NULL, NULL, NULL, NULL, NULL, NULL, NULL, NULL, NULL, NULL, NULL, 52, 9, '2020-09-12 14:28:06', '2020-09-12 14:28:06'),
(427, NULL, NULL, NULL, NULL, NULL, NULL, NULL, NULL, NULL, NULL, NULL, NULL, NULL, NULL, NULL, NULL, NULL, NULL, NULL, NULL, NULL, NULL, NULL, 52, 10, '2020-09-12 14:28:06', '2020-09-12 14:28:06'),
(428, NULL, NULL, NULL, NULL, NULL, NULL, NULL, NULL, NULL, NULL, NULL, NULL, NULL, NULL, NULL, NULL, NULL, NULL, NULL, NULL, NULL, NULL, NULL, 52, 11, '2020-09-12 14:28:06', '2020-09-12 14:28:06'),
(429, NULL, NULL, NULL, NULL, NULL, NULL, NULL, NULL, NULL, NULL, NULL, NULL, NULL, NULL, NULL, NULL, NULL, NULL, NULL, NULL, NULL, NULL, NULL, 52, 12, '2020-09-12 14:28:06', '2020-09-12 14:28:06'),
(430, NULL, NULL, NULL, NULL, NULL, NULL, NULL, NULL, NULL, NULL, NULL, NULL, NULL, NULL, NULL, NULL, NULL, NULL, NULL, NULL, NULL, NULL, NULL, 52, 13, '2020-09-12 14:28:06', '2020-09-12 14:28:06'),
(431, NULL, NULL, NULL, NULL, NULL, NULL, NULL, NULL, NULL, NULL, NULL, NULL, NULL, NULL, NULL, NULL, NULL, NULL, NULL, NULL, NULL, NULL, NULL, 52, 14, '2020-09-12 14:28:06', '2020-09-12 14:28:06'),
(432, NULL, NULL, NULL, NULL, NULL, NULL, NULL, NULL, NULL, NULL, NULL, NULL, NULL, NULL, NULL, NULL, NULL, NULL, NULL, NULL, NULL, NULL, NULL, 52, 15, '2020-09-12 14:28:06', '2020-09-12 14:28:06'),
(433, NULL, NULL, NULL, NULL, NULL, NULL, NULL, NULL, NULL, NULL, NULL, NULL, NULL, NULL, NULL, NULL, NULL, NULL, NULL, NULL, NULL, NULL, NULL, 52, 16, '2020-09-12 14:28:06', '2020-09-12 14:28:06'),
(434, 'eyJpdiI6ImlEaTBXV3N4aXhLS09DMlM2RVlFc3c9PSIsInZhbHVlIjoiT1BqblhiZU1Vci85TEZIOSs4dzhwdz09IiwibWFjIjoiNzEwNjVlZGU5OTg2OWY1ZDUyNGYxZTkxOTg0ZjliMmZmZGYwYmI5NGVhZjIzN2JjNmQ0ZDFkOWRhZGY1ODI4MyJ9', 'eyJpdiI6InRNTzh0bmZqTzdDYVBhazNSKzZKYXc9PSIsInZhbHVlIjoiNE41Rjk2cFVwQmZjZUtqbERDNkJpdz09IiwibWFjIjoiN2E5MGVlYzY0NDU2NWIwYTE1MmVhYTdiMWUxNmZkZWE5NTVjNmFiMDY5OTYxMThmYzRiOTk4NmNhZDQ3MTJjMiJ9', 'eyJpdiI6InhGb0tIMDFoV0ZpcVFiTFpKcEtvS2c9PSIsInZhbHVlIjoieFhFMWd4U0w1ejhBN2Fzd05EdDNwQT09IiwibWFjIjoiYjk3YTU5YmM0ZTZiNmFjZDRhZjFlMGQwZjJiZGM0NWJjYWQzMjg4NmQ4OTVlOTNiYjU4ODZjOTMzMTk4NGU0NCJ9', 'eyJpdiI6Im9GQTNGZDVJZmEvdFdORXRTRUkxN3c9PSIsInZhbHVlIjoiWUpKOXJlVG9NNjlvekpqbnhtNnlnZz09IiwibWFjIjoiNDIyMTIxZWJiNDZjYjcxYjkxN2MwNjE5NWMyNjZhNmZmNWY0MmUwNjM5MzczNTM1MDRlNDBhNzc2Y2NhOTZlMSJ9', 'eyJpdiI6Ijg4MEs4b2RkTDRsNVhYWTc0V2IzUFE9PSIsInZhbHVlIjoiQXV0SVdqczkwcDhJblNuY0N3c3RtUT09IiwibWFjIjoiZDI1OGVhMDhjMWIyOTNhMzlmMDAwNjkyNDFjYmIzNGIwNjQxZGQ3YmIwNDA2MDA2MzU2ODZmZWUyNWIyNTM2OCJ9', 'eyJpdiI6Imk5eDRDaHNwV2hiNTFKS2dxVy8rYVE9PSIsInZhbHVlIjoiek9nZFRTL0tETFh5WWFvTDAybFlIQT09IiwibWFjIjoiYmU1ZTA0NzliZmE3NmU3ZTQzMGM0NWMyM2FkZjA4ZTBmNzZkYzM5NjVmMmQ2MzNiZWFmNmUyN2I4ODlmODM3MyJ9', 'eyJpdiI6InpidzdCa1VCdjNtdWJ6K3BaaVJ0NHc9PSIsInZhbHVlIjoiaEpZaUIvdkZWbVV0c281bWxkL2xzZz09IiwibWFjIjoiMTkzNTk0NDExMGEwMzdjZGE2YWEyNjYxOGUwMTcxZjQwYTVjZTM4ZTM3ZWJjMzZjNjEyNDg3ODk5YTlkZGIyZiJ9', 'eyJpdiI6InFIaTlPR2ZLOFRVMnVLNlI0OWw3VEE9PSIsInZhbHVlIjoiMlNyOUpseEc4SFFrQXA3a1pDc0VNZz09IiwibWFjIjoiNDgzYmZmOTJkYzgzODlmZDlkMTNmMGMxMzFiNzI0ZDIxNmUzZTcwNWI3MDYzMWM4ZWQyM2YzNDQyZTdlY2Q3MyJ9', 'eyJpdiI6IkFGMy9YbStobWNueWVpOXRORVBtdHc9PSIsInZhbHVlIjoiU0h2UTBGL0ozbHdvT0ZYTUUrOGZUUT09IiwibWFjIjoiNmVlZmU2MWMxYTVmMTU2ZDRiMWExMGMxMDkzNzZkNmJlMzVkNDEzZTQwMTJkZWNlOWU2ZjBlNTZlMTM5MDFmYyJ9', 'eyJpdiI6InEzMFlJaUF2QnFEMm5seTFrRXhhblE9PSIsInZhbHVlIjoidVdZUlJGY21WVUZFNVpZZGFsMER2QT09IiwibWFjIjoiZmU4YWMxYjVjN2Q3MmQ5N2U1NDdiODU5YzdkNDMyYzVhZDNkOTA4MGMzNjYyYTM0NzY2MzlhNTZiODYyZDU3YSJ9', 'eyJpdiI6IjFJV0l1akVsUXZoKzk1YVlDYmNReGc9PSIsInZhbHVlIjoicVU3eitwOEwySHlzd0NvWHdFb2dEdz09IiwibWFjIjoiNTcyMmIxZGJhYzEzMDkyNzZjNjc2YjE4NmYwNmI1ZjEwY2ZjYTBlZWM1M2MwYzM1YWRmZDRlNDg4MWVmYWM2YiJ9', 'eyJpdiI6IlF4MFRrQzRDSmd1UTE4S0ZJSC9jMEE9PSIsInZhbHVlIjoiTDJYYk9QRW9JUEJoZkJ3TjdKM1RGUT09IiwibWFjIjoiYjE5NDA1MzdmMDI0ZmUyYzA1ZjkwYmY2MzM1YTEzZDEzMzI3ZTdhYjIwYjFlMmIzNmE3MDhlMTRjYzhlMDBmNyJ9', 'eyJpdiI6Ijd5d1RKVmZjc3dlN0VyRzlXbWo0SWc9PSIsInZhbHVlIjoiRTdkS1R4YU5LVjN5Q25EY2xQNjVEdz09IiwibWFjIjoiMGY0NWQxNzdiN2RiMDMwMzAzYjVjNDI2MjcwYmMxYTkwMWEyOTUxZDg5MGZiMDgzY2JjNWUzMjM3NzhhNDczMyJ9', 'eyJpdiI6IkdhNEdZb3VOeUFERHVkTldYZ1Mxanc9PSIsInZhbHVlIjoiN1J4Z1IzTGRBSlFWYkp0UWtQYTl1UT09IiwibWFjIjoiODhjODMyZWQ4YmMwYzZhZjQ5ZWEzY2M1ZGVjMDc5NDNjZTI2MThlOTAxY2Q2NzViNjY1NGE0ZTI3MjRkZTgzMyJ9', 'eyJpdiI6IlZpNGh5OHR5Q01ldTVkNlIvcTNySkE9PSIsInZhbHVlIjoiUHJqeThxZVd2cDJGTnZLSmVuTmVsdz09IiwibWFjIjoiOTFiNmYyYTViMjFmZTE5YzI3NDdkZTExMmM3Y2EyODFmZGFhN2QxYWMyOTE4MmMzNjM5NjNjZmIzZTM5YTIyMiJ9', 'eyJpdiI6IjJrLzdBTXo0eFM2YXRqdFd1aHZOeWc9PSIsInZhbHVlIjoiTU5WdGVDRDlRVEZtdExMSW1iK284dz09IiwibWFjIjoiNTg3NWQyMmY3NzQyOWQxNmI5ODdiYWU3YTNjM2I3ZjU5ZThmZDg1NTE1MDJiZDc5MGY3MjExODBlODE5ZGM2ZSJ9', 'eyJpdiI6Ii9iWmprSGthdTZ1a2o5Mml0VThNWmc9PSIsInZhbHVlIjoiS3dCOHJQSytFdXdiZ2o3R09oWmNtdz09IiwibWFjIjoiMzgxMGZjYjE5ZDY4NTliYzE4MmExODQyNTA3YWI3OWY0NWMxMDM3MGMyOTQ5ZmJhMGU2ZTk5MTFkZjgxMjVhMSJ9', 'eyJpdiI6IlFvL0drQ0VUTFAyb3BIaFVXTWNmRUE9PSIsInZhbHVlIjoiZWRocWdpSTgvWnNQTHI2ZGhUVm5DQT09IiwibWFjIjoiODI1Y2QyMDRhMTA1MjkwYTA2NDkyYzQ1NGFmYmJjYjljNTBkOGM4ODIyMzg2MDk4YjI1ZDQyNDZjMWY5YWEyOCJ9', 'eyJpdiI6IkthanEyZmo5Wmh0NmUxNUw1TUVJTkE9PSIsInZhbHVlIjoiNXBDR2FrNkpLemNVeDNVT3E5cTFpQT09IiwibWFjIjoiZjhkYWMyMzA4NzhmMzYxZWEyNTI1NGU2NjFlZTJkYWI2OGE5OWZiZTlhZjZiYTZmMTNlMzkxMjIyNGE1MTc0OSJ9', 'eyJpdiI6IldTcys2dGN3TEVhOXBaTklzT09kMGc9PSIsInZhbHVlIjoiaWVpdmxDNWRrdWJLZGZTUmgvQ09CUT09IiwibWFjIjoiMGRhNjg5ZTQ4YWM2ZjgzYTE1OWUwZTNjYzhmOTZkMmJiMTU3YWJkZGZlZDE4OWQ0MTRjYjJmYTUzNzEzOGY4YyJ9', 'eyJpdiI6IktaaW96OExVaFBPemJJUnVFbGtDMnc9PSIsInZhbHVlIjoiZ212SkFQREN2cEQzUTNjUzEwcnBOQT09IiwibWFjIjoiMzE2MzU4Yzk1ODlkZjcxN2RkNTgwMmI1YzhhMWUxZTZmYzZiNmJlZDk2OTg2MDRlNTJmNDkxZWQ0ZjcwOGY3ZiJ9', 'eyJpdiI6Ing5dzUyY0Q4S3NVUy8vb2pSVGo0eFE9PSIsInZhbHVlIjoiZjl0NUUvZ0hQMmQ4UUNXbWw5R0tPdz09IiwibWFjIjoiMGY0Y2ZkZDg3YWI3MjA3OWRhNGI3NmQ4NGY4YTEwOGViOWMzNTlkY2E3Nzg4NzI0ZmQ0ODk5N2Y1MDhiMGQ1MSJ9', 'eyJpdiI6InZPWUM3YXZYS2k4V280bTRSZzZ3enc9PSIsInZhbHVlIjoiV29ha1F1RjlncGtIMDNOeXpuK0Nidz09IiwibWFjIjoiNDBmYzJmYzJmZDFiNTBiZTI0MjlmZmI2ODE4OTI0N2FmNWRiMDNjZGFjZWE0NTNhNjY0YTUxZGVjNzkzMzViYyJ9', 53, 4, '2020-09-12 14:28:22', '2020-09-12 14:37:58'),
(435, NULL, NULL, NULL, NULL, NULL, NULL, NULL, NULL, NULL, NULL, NULL, NULL, NULL, NULL, NULL, NULL, NULL, NULL, NULL, NULL, NULL, NULL, NULL, 53, 5, '2020-09-12 14:28:22', '2020-09-12 14:28:22'),
(436, NULL, NULL, NULL, NULL, NULL, NULL, NULL, NULL, NULL, NULL, NULL, NULL, NULL, NULL, NULL, NULL, NULL, NULL, NULL, NULL, NULL, NULL, NULL, 53, 6, '2020-09-12 14:28:22', '2020-09-12 14:28:22'),
(437, NULL, NULL, NULL, NULL, NULL, NULL, NULL, NULL, NULL, NULL, NULL, NULL, NULL, NULL, NULL, NULL, NULL, NULL, NULL, NULL, NULL, NULL, NULL, 53, 7, '2020-09-12 14:28:22', '2020-09-12 14:28:22'),
(438, NULL, NULL, NULL, NULL, NULL, NULL, NULL, NULL, NULL, NULL, NULL, NULL, NULL, NULL, NULL, NULL, NULL, NULL, NULL, NULL, NULL, NULL, NULL, 53, 8, '2020-09-12 14:28:22', '2020-09-12 14:28:22'),
(439, NULL, NULL, NULL, NULL, NULL, NULL, NULL, NULL, NULL, NULL, NULL, NULL, NULL, NULL, NULL, NULL, NULL, NULL, NULL, NULL, NULL, NULL, NULL, 53, 9, '2020-09-12 14:28:22', '2020-09-12 14:28:22'),
(440, NULL, NULL, NULL, NULL, NULL, NULL, NULL, NULL, NULL, NULL, NULL, NULL, NULL, NULL, NULL, NULL, NULL, NULL, NULL, NULL, NULL, NULL, NULL, 53, 10, '2020-09-12 14:28:22', '2020-09-12 14:28:22'),
(441, NULL, NULL, NULL, NULL, NULL, NULL, NULL, NULL, NULL, NULL, NULL, NULL, NULL, NULL, NULL, NULL, NULL, NULL, NULL, NULL, NULL, NULL, NULL, 53, 11, '2020-09-12 14:28:22', '2020-09-12 14:28:22'),
(442, NULL, NULL, NULL, NULL, NULL, NULL, NULL, NULL, NULL, NULL, NULL, NULL, NULL, NULL, NULL, NULL, NULL, NULL, NULL, NULL, NULL, NULL, NULL, 53, 12, '2020-09-12 14:28:22', '2020-09-12 14:28:22'),
(443, NULL, NULL, NULL, NULL, NULL, NULL, NULL, NULL, NULL, NULL, NULL, NULL, NULL, NULL, NULL, NULL, NULL, NULL, NULL, NULL, NULL, NULL, NULL, 53, 13, '2020-09-12 14:28:22', '2020-09-12 14:28:22'),
(444, NULL, NULL, NULL, NULL, NULL, NULL, NULL, NULL, NULL, NULL, NULL, NULL, NULL, NULL, NULL, NULL, NULL, NULL, NULL, NULL, NULL, NULL, NULL, 53, 14, '2020-09-12 14:28:22', '2020-09-12 14:28:22'),
(445, NULL, NULL, NULL, NULL, NULL, NULL, NULL, NULL, NULL, NULL, NULL, NULL, NULL, NULL, NULL, NULL, NULL, NULL, NULL, NULL, NULL, NULL, NULL, 53, 15, '2020-09-12 14:28:22', '2020-09-12 14:28:22'),
(446, NULL, NULL, NULL, NULL, NULL, NULL, NULL, NULL, NULL, NULL, NULL, NULL, NULL, NULL, NULL, NULL, NULL, NULL, NULL, NULL, NULL, NULL, NULL, 53, 16, '2020-09-12 14:28:22', '2020-09-12 14:28:22'),
(447, 'eyJpdiI6ImdKR1NvcEFoVUdCWm9Ib253ZHdGckE9PSIsInZhbHVlIjoiSi9YWjdCSHgvVkdrYVpjdFdqN2RLZz09IiwibWFjIjoiOThjMTExMTdkMTlkNTg1MDExOGZlMzM1NTk5ZTJiNDY0OGFjMDNhYTZiZTU1YTI2YTg0MDM2NzQ3ZDYwZWY3MCJ9', 'eyJpdiI6Imx3aUU1UE16ZEVmK1FLZnFZM2JtR0E9PSIsInZhbHVlIjoiRE45NHNINXRISWM4SDBRK3A4Z3ZrUT09IiwibWFjIjoiZTkzZmU2MTkwNGM3YTdhMTg2ZDViZjM5ZGQ2NDU3MGM2YjkwMDI0ZGExZjcwYjgwNzkzZWUyOTZiZGFlYmZjMSJ9', 'eyJpdiI6Imlid0MrN0JDWE1iWjc4Ni9FamxrRmc9PSIsInZhbHVlIjoidlBSbVZydzZ3K3pFazJ3OUpBQ0V4UT09IiwibWFjIjoiYTI2NjAyZjIyODUwMWU1NDMxMGY0ZjMwMjliMmE3MzZjZWZiODE1MGI1Mjk0ZGNiZDIyMjQ3MDJmMmMxNzAyYyJ9', 'eyJpdiI6ImIzL1RNeE5lMWRZcEE3SkVUbTFhQUE9PSIsInZhbHVlIjoiNE1Dc2dKNzZkTjVteDZ5eER6bEhmUT09IiwibWFjIjoiMTAyNmQyYTA5OWRhOTYwMzBhNTc1ZjNmZmExNzliNWYxNDU4NjAxYTMzNjJmNGMyNjMxNGM0ZDBjYjk5Nzk1NCJ9', 'eyJpdiI6InpFL3lZa3Jqc3M5K3VZc1RRdnZtS0E9PSIsInZhbHVlIjoidis5TmtIUlJibDVIQ1lPZHkxdGdJUT09IiwibWFjIjoiMzE4ZmI4NGE1OGQ5OWRjMWRkNWYyYWFkZTEwOTJjMTQ0ZDk0MjI2YTUwNjBmNTg5MmJkNzNmYTM1YTkyMDQ3MCJ9', 'eyJpdiI6ImZkR2FOdUNYeGU4Y2Jya28wT3Zvc2c9PSIsInZhbHVlIjoiNjZSSkFSNGl6TUFGSjRndk5YRE9RUT09IiwibWFjIjoiYTQ0ZTE2NTE1MWI4Y2Y3ZGMzYmI3NTI2ZDkyZjk2MjAzZjM3ZDE0NjFhM2Q5MDkwNWI2MjM3MTQ3NjJjZGQwMSJ9', 'eyJpdiI6IlZLeFBnT2FwaEZEWnFhOUwyQzRHQ1E9PSIsInZhbHVlIjoiTUR0OVhpdi9hSkFLa2tPL21ld0ZSUT09IiwibWFjIjoiMjVlZDk2NzIyZmY2MzY0MDIxZWY1MmQ5ZTg5MDliZjQ4OTMwYTZhNGJmZTcxM2Q4ZGUzODc4YzY2YWQ3ZTcwYSJ9', 'eyJpdiI6ImFOaWpVUUxQa2lRWEFtVWlkZWJoYWc9PSIsInZhbHVlIjoid1ZnVUc3S0RHbFFwVk53b2hPRElHdz09IiwibWFjIjoiMTI2NGY0MWUxYjY0ZmY3ZTU0OTIxNzI1ZTkzZThhMGRmYTZlNTYyZGViY2Y4YWZkY2UzNjcyNzA1NzIwZGY0YiJ9', 'eyJpdiI6IjREbm40YTArZWEwa0dOWnlEVUtXMUE9PSIsInZhbHVlIjoiK3gydE5OcXlGb1dZZGxtbEpONU9oZz09IiwibWFjIjoiYTk3MjU3MzFlMDYwNDYxOTUwMzJlOTU1MGVhZWU1NGQ5MGIyNjVkN2MwMGFkOTE5YWNlYzBmYWIzYjcyZDJkOSJ9', 'eyJpdiI6ImNiREhDZis4M1dqcGdiTy82ZTJmQnc9PSIsInZhbHVlIjoiTnZVTlR0Ulp3blFCZWpNOVhBVDdQUT09IiwibWFjIjoiZDMyNGRjYjBlYzkwNjQwMGM2ZWFmZGQ4NDM5ZjlmMDUyMWFlYzlmYzFhMzM0MTBhMWZlNzIzZjU3OGE4MmI0MyJ9', 'eyJpdiI6IjF3NC9RWk9Mc3BCQlVBM1BsNmZyOEE9PSIsInZhbHVlIjoiQ0hnbDBseVJCWDhVRGtGN1JzYy9xQT09IiwibWFjIjoiZTVjNWUyYTVhZmFjMjA1MjNlMzYyNWE3ODY2ZTJhYTFmY2EzYjUxNjc3YmZiZmNhZjRkYmFjYTdhNGU3YzM4NyJ9', 'eyJpdiI6IndOOW9EV1FESE5vaDBCeElFUFNpQ0E9PSIsInZhbHVlIjoiNldnY29GdkpGNUYzbWhlOVhsU0ErUT09IiwibWFjIjoiMDFlYTBmYzA5M2NlYjJkM2ZiYjk3MjM0MTc1ZmNkYWMzY2E2ZWZlOGVhMzVhN2I0YTI0ZDdmZGQ1YzFkZDM0OSJ9', 'eyJpdiI6InZTdTY4UExtMW5kMm5uUG14cEpwREE9PSIsInZhbHVlIjoiMFBUd2loMlN2K0JabHBZQ3VsanNVZz09IiwibWFjIjoiYTc3NGJkYTA0ZjgzOWU5ZGYwMGZiNTNmYjE5OWY5MWRjODI5MmQ4Y2YzMWQ2NWY5MGRjNGY2OTAzOGMyOTU3MSJ9', 'eyJpdiI6IlpRS0lqQXZtRVBFOVVOVFo5a3IwQ2c9PSIsInZhbHVlIjoiYnVmSFI3dy9wVnF2UE1qRHdVcjFadz09IiwibWFjIjoiM2NkYzQ4M2QyZjA3NzVjYTBlMGNmNDg0MzhiN2U0NDExNjE1MDY5MmJjZDk2ZjQ3ZTgxOTllMDc1ZWYzYjhlMCJ9', 'eyJpdiI6Ik51aUFCL0xqME4vdXg0NXdzcytFQ2c9PSIsInZhbHVlIjoiRXhaNjZYbFpCMzh1RmV6WC9FbW5IZz09IiwibWFjIjoiNjQxYjlhNjNiNGIyZTQ5NjEzZTYyNDIwZWMyNWQzYjJmZWI1ZTVjYjllNzBhMmNiZTkxMjVmYjBlZjIwMTE5MSJ9', 'eyJpdiI6IitNNk5SbEN4L2V3bjdsc25KR2tSUlE9PSIsInZhbHVlIjoiSGs0R252SCtGSm8ydVJZUkNaVCs4dz09IiwibWFjIjoiN2U1MGU1ZmNkMDE4MzA5ZGQxNDcxYmI5MTQyNzI3NmYzOTM4M2QwNDFhYzYyNDgyZDA0N2E0MmUyNWM3YWYyZSJ9', 'eyJpdiI6IkhxYU4wK3hoa1A4cjZYVjJwV3Nqc0E9PSIsInZhbHVlIjoibG5SSUNOQ3VuU2NVU3NDN090TkNkZz09IiwibWFjIjoiMzczODFmYzdjNDhjN2RjMjlkNDNkYjY1MDI5MGQzZDlkNDEzNTBkODEzNTZjZTIyYzYyY2E0OTIyMzEzZTU5ZiJ9', 'eyJpdiI6ImxkY0J4eUZkZUc5djdzY3ZxSEgveEE9PSIsInZhbHVlIjoic3JDMjVQZ21EK2RVa1pzamQvZjhoZz09IiwibWFjIjoiNGI2ZmFjODE2NzVjZmQzYTZiMmI3MTkyYjJlNzY0OTljZTUyYmJmNzc3OWUzNDNiZjUyZDUyYTRkNTZiZTYyZiJ9', 'eyJpdiI6Ilg5dytlQ1I5WmZHS2pjZ2tnUzJDWkE9PSIsInZhbHVlIjoiZlRVaHdlb3NSVTdOZWMwU3NoK2ZXUT09IiwibWFjIjoiOTEzNzZhNjQzYTFmM2RmNjdiNGQ1ZWNkZGIzZDRmZWJlMDBlYmU2ZmRkZDYxMzUxNTAzYjFjZTRmY2U5NmVjNSJ9', 'eyJpdiI6IitSTGhFL1I2L3F1eDB0RUlJR0VzbFE9PSIsInZhbHVlIjoiVGhyejY2T1phZjNSMzZRYlVxK3dhdz09IiwibWFjIjoiMDFlMGQ1M2YzMDYwNmFiYmQ5YjA5MTVjYTk4MGUzMmY2ZjM3NDRmNzI2ZGIwMGQ4MGZjNWMyNDBmNDRlZjBjMiJ9', 'eyJpdiI6Ing3bFpLbXRzZGhpcDJhYWZIb3lFVXc9PSIsInZhbHVlIjoiWmszd2VsbEtVWlROZ0xxWWY1MllsZz09IiwibWFjIjoiZDEwMTNlMGUzNzhiMWExYmFmMWQ1MjYyN2JmYmUwN2U3ZDdiMzI0NmVjNmRlMDY0NDE1ZjY5MWFmMTI3MWYwZSJ9', 'eyJpdiI6IlovVFZQNTl6ODlUU29LNUJGU0JPM3c9PSIsInZhbHVlIjoiNVlVZlVQT0hISnlFYVIvbnFyM29KQT09IiwibWFjIjoiZmZlZDBlY2ViYzZkM2E4YWJkNWZiMGU2NWE0MzgxYjc4MDEwMjMzMzY3ZjBkZmIxMjAzMzUyMTA1ZjM2OThkMCJ9', 'eyJpdiI6InZYNG5UOG9YdnhkTmZNSDJuc2syaHc9PSIsInZhbHVlIjoiTUl0TE1EZjc4RVlYSGppRDJ6d3ArZz09IiwibWFjIjoiNmIwMmUzMGI2OTE3NDA3ZjZjYTM3NTdkYjYwM2QxYTQyOTYxMmQ4MTdjMTkwZTZiMGY3NmY5MzY2YzM0MThjZSJ9', 54, 4, '2020-09-12 14:28:38', '2020-09-12 14:37:07'),
(448, NULL, NULL, NULL, NULL, NULL, NULL, NULL, NULL, NULL, NULL, NULL, NULL, NULL, NULL, NULL, NULL, NULL, NULL, NULL, NULL, NULL, NULL, NULL, 54, 5, '2020-09-12 14:28:38', '2020-09-12 14:28:38'),
(449, NULL, NULL, NULL, NULL, NULL, NULL, NULL, NULL, NULL, NULL, NULL, NULL, NULL, NULL, NULL, NULL, NULL, NULL, NULL, NULL, NULL, NULL, NULL, 54, 6, '2020-09-12 14:28:38', '2020-09-12 14:28:38'),
(450, NULL, NULL, NULL, NULL, NULL, NULL, NULL, NULL, NULL, NULL, NULL, NULL, NULL, NULL, NULL, NULL, NULL, NULL, NULL, NULL, NULL, NULL, NULL, 54, 7, '2020-09-12 14:28:38', '2020-09-12 14:28:38'),
(451, NULL, NULL, NULL, NULL, NULL, NULL, NULL, NULL, NULL, NULL, NULL, NULL, NULL, NULL, NULL, NULL, NULL, NULL, NULL, NULL, NULL, NULL, NULL, 54, 8, '2020-09-12 14:28:38', '2020-09-12 14:28:38'),
(452, NULL, NULL, NULL, NULL, NULL, NULL, NULL, NULL, NULL, NULL, NULL, NULL, NULL, NULL, NULL, NULL, NULL, NULL, NULL, NULL, NULL, NULL, NULL, 54, 9, '2020-09-12 14:28:38', '2020-09-12 14:28:38'),
(453, NULL, NULL, NULL, NULL, NULL, NULL, NULL, NULL, NULL, NULL, NULL, NULL, NULL, NULL, NULL, NULL, NULL, NULL, NULL, NULL, NULL, NULL, NULL, 54, 10, '2020-09-12 14:28:38', '2020-09-12 14:28:38'),
(454, NULL, NULL, NULL, NULL, NULL, NULL, NULL, NULL, NULL, NULL, NULL, NULL, NULL, NULL, NULL, NULL, NULL, NULL, NULL, NULL, NULL, NULL, NULL, 54, 11, '2020-09-12 14:28:38', '2020-09-12 14:28:38'),
(455, NULL, NULL, NULL, NULL, NULL, NULL, NULL, NULL, NULL, NULL, NULL, NULL, NULL, NULL, NULL, NULL, NULL, NULL, NULL, NULL, NULL, NULL, NULL, 54, 12, '2020-09-12 14:28:38', '2020-09-12 14:28:38'),
(456, NULL, NULL, NULL, NULL, NULL, NULL, NULL, NULL, NULL, NULL, NULL, NULL, NULL, NULL, NULL, NULL, NULL, NULL, NULL, NULL, NULL, NULL, NULL, 54, 13, '2020-09-12 14:28:38', '2020-09-12 14:28:38'),
(457, NULL, NULL, NULL, NULL, NULL, NULL, NULL, NULL, NULL, NULL, NULL, NULL, NULL, NULL, NULL, NULL, NULL, NULL, NULL, NULL, NULL, NULL, NULL, 54, 14, '2020-09-12 14:28:38', '2020-09-12 14:28:38'),
(458, NULL, NULL, NULL, NULL, NULL, NULL, NULL, NULL, NULL, NULL, NULL, NULL, NULL, NULL, NULL, NULL, NULL, NULL, NULL, NULL, NULL, NULL, NULL, 54, 15, '2020-09-12 14:28:38', '2020-09-12 14:28:38'),
(459, NULL, NULL, NULL, NULL, NULL, NULL, NULL, NULL, NULL, NULL, NULL, NULL, NULL, NULL, NULL, NULL, NULL, NULL, NULL, NULL, NULL, NULL, NULL, 54, 16, '2020-09-12 14:28:38', '2020-09-12 14:28:38'),
(460, 'eyJpdiI6ImpDbk5WS1dTMElZQTdxbHEzaCtGS1E9PSIsInZhbHVlIjoiN1lrejVrMzRKV2hGOFJGWHFkUXFDdz09IiwibWFjIjoiMzUxOTk2NTM0MDcxN2RlOGFlODJlMzAxZjAyOWYwOTIyNmJlMTY5OTA2MTM1YTg3OGFiMWUzZjMxNmMwMWRkMiJ9', 'eyJpdiI6Ik1yT0R2eXRnUlVicWpVUldTazlqMUE9PSIsInZhbHVlIjoiVWE0V3g3b2oyRDdteEdSV2RoZW5PUT09IiwibWFjIjoiYTIzNGFkOTZjN2Y4YjI1YzNmOGIwYWM2ZDE1ZGYzNmRiOTZjNjdhNmNjYzA4MGQxMjlkNGY5MDk0ODYwM2EyNyJ9', 'eyJpdiI6Ii92dGxXbDM3elRNbzA2VDVIRmU1dUE9PSIsInZhbHVlIjoiUTJqVWpJdmRKaUZTcVVrbXZ5RWIvQT09IiwibWFjIjoiY2NkM2Y3OTM4M2Q3NDFlY2EyN2U1ZWM0ZDQ0ZTYxODg1NTI3YjcwYWU3ZTllMGFjNjNhMTZhOGM5ZDYxNjQ0MyJ9', 'eyJpdiI6IlJtSCtDaitseE5NZzJFeEVtMWU5Unc9PSIsInZhbHVlIjoiYy9UYnFudTJoTHBaTFEyNkRUL21mQT09IiwibWFjIjoiM2U0ZTI0Y2Q1ODllMzk1MGI0ZDdjODZjMTI4YjdiMTQ3ZjdkNGZhZmFmZTVjOTgxYzIyNDM5N2FjZWM0M2RjMiJ9', 'eyJpdiI6IlFndEtPTXk3dlkyRVZ0YWIwdkx1S2c9PSIsInZhbHVlIjoiVE9vOXhibjNnNnpsaXh3cTNndzhCdz09IiwibWFjIjoiYjViMTRhY2Q2ZTQ2MTFmZTdjOWVmMjI2Mjg0OTVlOWEzYzVkNjRlNzZiYmMyNDhmYmIxNDhlYmMwMTY5Y2ViZiJ9', 'eyJpdiI6ImVDamVZUDFmVUpYaWpoeEZ5bWpGMUE9PSIsInZhbHVlIjoidHdkbUNxZ3ZLSnNLdWd1YzJSUGJlZz09IiwibWFjIjoiNTQxNmMwZTZjZWIzY2M4YmMwZTczNjg3MDJkYzgxZTM3YjY4YTQ0MzZiZWNiNjVjYWI2NWM5MmI3OWMwYjBlNiJ9', 'eyJpdiI6IlQveU45WFZ3ZURTaFNET2VZRURCZFE9PSIsInZhbHVlIjoiaENEbDBaMGN4MnB3Vi9wZnpXbXZIQT09IiwibWFjIjoiODY4M2RlOTA2YjdiNjkyMTQ0NjYyZmY1YTk3ZDdlNTQ0NGNiNGUyMmM1NGY4NzFmZDY2MzA2ZWY1NTliYWFhMyJ9', 'eyJpdiI6Im9uTEpMS08xWHlKWnVrbGpCQ1JjUVE9PSIsInZhbHVlIjoicmF3VXBmcDh6OW02YjlESzlUb1ZvZz09IiwibWFjIjoiZWIyMDc1MTFjN2ZjYTc1ODY4ZWRlZWI2ODViZjQxN2NhMzE2MDZmMmIwYTg1OTViYjYwYzhhODBhOTI4ODM3NCJ9', 'eyJpdiI6Ik5QTE5pb1NETHZYRjdaOGhPcUlKNlE9PSIsInZhbHVlIjoiTi9mSzBucjVDbzNSdkljazBVMkt0UT09IiwibWFjIjoiMWQ5ZTNkYWFhMTRjNjQ3MDBhZGQ3YWZmZDdmZTdiMjdkNjk5MjY2NGE3YjRkMDcyNTU4NzMwZDc0Nzc3YTRmZiJ9', 'eyJpdiI6Imp6NG5lKzI5ZnVaLzVvb3ZkbmNWK1E9PSIsInZhbHVlIjoieERrWTJ4MXNMZTVkeGxFQjB3Q3MxQT09IiwibWFjIjoiOGI4YTBjN2U0YmJmZDA2Nzg2Y2Q4ZGMzYmEzODkwYTFlNDMzMTE5ZTAxZjI2ZjVkNTU3Y2ZjOWFkODhiYjY3YyJ9', 'eyJpdiI6IlFyaWtNcGRCdzZwUGZqU3lZSllVOHc9PSIsInZhbHVlIjoidWUycFprRStBOXlaeExra2NLQWM1QT09IiwibWFjIjoiNDllZGZjNzg3MGVlOTA0NjZlNGEzMjkwM2UzMDE1ZTdiMjJjYWE3NmI4OGZkZmVmZWQ2ZWNjNDRmOWFiODkyOCJ9', 'eyJpdiI6IlRvcmdTbWtBUlpNTDJraWJPNmVEK1E9PSIsInZhbHVlIjoiS0ZqTU50Zzh6VjBmaXhEMFZlMkVZUT09IiwibWFjIjoiNTUyMmI3N2FmNzk1NmM0ODdjZmM4MGQ0OTVjOTk3NjFhYmQ1ODU1ODVmMGU4ZTcxOWRlODJjYjRkYzdlNTJhOCJ9', 'eyJpdiI6IkRkb1I5eHNqVEtFSTFnb1h5Y0F2UGc9PSIsInZhbHVlIjoiY3VacGpDaUlsV09Lam4zNGZxeEVTdz09IiwibWFjIjoiNzgwNDZlZWI2N2RlZWI1YmJlNjQ2ZGVlNjdmMWM1MDRhMmYzYTUzZDBlMDczMGNjZDc2ZjcyNGVhYTM4ODYwZCJ9', 'eyJpdiI6IkFvMFE5Y2p6bkR5UUc5MDdDa0FsVGc9PSIsInZhbHVlIjoiVVJDRkh5elB4SzJFa05EMkZGRHU1QT09IiwibWFjIjoiNjVkYmFhNzBiYjNmNGVkZjk2ZTBkY2VjYmMyNDBmZWI2NTUxYzM0Yzg2OTNmY2U1ODhhMDY4ODgyMjBlNTE2MiJ9', 'eyJpdiI6IjRIRXM0bDhxeFh3RzcyNVNZVmpQUUE9PSIsInZhbHVlIjoic0c4Vk15ZHZaZ0JqQ1hqRkxHSVEzdz09IiwibWFjIjoiZmQ3NDVmNGVkOGJmZjQ2NzUyN2FmOWMzYWZkOTA0ZWUwZTc3Y2JhMjc4NjFiYzRmOGYwMmYwMjNhNzliZjAxMiJ9', 'eyJpdiI6Ikp3d1RVM1hRaHhjQXNnelR4YXZmT0E9PSIsInZhbHVlIjoicjVrOWxqN0hWS2FlbkQrQms1MXF5Zz09IiwibWFjIjoiOTBlNDQyYzBiNGE0Y2IxNjNkMzMzYjM0Y2FlMjVhZmI0ZjVmMmEwYTViNWMxYmZkMzRhM2FlYjc1NmQ4YTM3OCJ9', 'eyJpdiI6Ii84d0J1djZxVWxjbDYrV21IZDNNa2c9PSIsInZhbHVlIjoiTkE4QktJZk1kZS9RclI0aUlmQlpRZz09IiwibWFjIjoiMDhhMDQzZTJmMWE4NzVkMmRmZjI3ZjE5ZWJiNjQxN2JhY2I1NzJmNGE1ZTI2YjM3NGZmZTAxOTU4ZDBhMTRjZSJ9', 'eyJpdiI6Im1CVFBYUFJIZ3l3WUtISWxTbEdRZEE9PSIsInZhbHVlIjoibld1M290MFBXa3FZcEJ1b0tpV1Awdz09IiwibWFjIjoiOWFmODU1ZjFlZjhhOWM4NGMyODUyZDU4ZTE4NTBhZjNmYWJkZDRkMzkwNWRmMThjZTRiNDkzYTEzOTg0MDQ1ZCJ9', 'eyJpdiI6InJEWUFqZ2Vtb09ONllPZUdjajErYlE9PSIsInZhbHVlIjoiMUtubUVXT094V1JQdDEzRVRFZG81dz09IiwibWFjIjoiNTY5ZWUxZDQ5NDJiNTVhZmIyOWIwZTdlZDEyZDZhYTkyMmMxNTcxNzMwMWY1ZTY3MDRjNjQ1MThjYjAxMWM1ZSJ9', 'eyJpdiI6Ik4rWXdFQkluWENJQlJPYjlaQi9aMHc9PSIsInZhbHVlIjoiNlZpcFNMSm5yQmh1eThpcXNMd2JGUT09IiwibWFjIjoiZGM1MzVlNGYxOWIzM2ExNzQxMjhjOTQ4ZTZmMGYzYzZmMzgwNDc3NGU0Nzg3MjIzMWY2NzFiNjMwYjVlMTY3ZCJ9', 'eyJpdiI6IjJiaE4rTWRpMEh3VTRJdTJqcDRURVE9PSIsInZhbHVlIjoibjBrTTYvRFBRNERYRzF5TGxuank5Zz09IiwibWFjIjoiMTkxY2FjM2ZiOTVkODg0MWU3MTkwZDM5N2M4ZDgzOWIzNzRiYmQ3Nzc3NjdiODA2ZWFmYWEwODc3ZjZkODFkNyJ9', 'eyJpdiI6IjRtNHJ2RStuMHBBL0tLME1HOStzbmc9PSIsInZhbHVlIjoiNDVMQ2N4WCtYcUF2c1NXQ25uTGlGQT09IiwibWFjIjoiZTI4MDg1MDQzMjI4MDA2OWZjNWQ0ZDUwZDc2ZjBkYzEyOGQ0MDI4NzljODg5OWQ3NzE2NGE2ZDk4YmYwMDQxZSJ9', 'eyJpdiI6InJpQTlGMVlJQk0xYk8zendUWkhvdVE9PSIsInZhbHVlIjoiRkJSQTQyZCtrWjFDQmthektUdWpnQT09IiwibWFjIjoiYTc2ZTI0MTYxNjgzZjA4NGVjMzA5YjVhNGU3ZGMzOGQ4ZjQ4MDJhMTdiYzg2YmFlOWVhOTNiMzUwZTg3OTU4MiJ9', 55, 4, '2020-09-12 14:29:00', '2020-09-12 14:37:28'),
(461, NULL, NULL, NULL, NULL, NULL, NULL, NULL, NULL, NULL, NULL, NULL, NULL, NULL, NULL, NULL, NULL, NULL, NULL, NULL, NULL, NULL, NULL, NULL, 55, 5, '2020-09-12 14:29:00', '2020-09-12 14:29:00'),
(462, NULL, NULL, NULL, NULL, NULL, NULL, NULL, NULL, NULL, NULL, NULL, NULL, NULL, NULL, NULL, NULL, NULL, NULL, NULL, NULL, NULL, NULL, NULL, 55, 6, '2020-09-12 14:29:00', '2020-09-12 14:29:00'),
(463, NULL, NULL, NULL, NULL, NULL, NULL, NULL, NULL, NULL, NULL, NULL, NULL, NULL, NULL, NULL, NULL, NULL, NULL, NULL, NULL, NULL, NULL, NULL, 55, 7, '2020-09-12 14:29:00', '2020-09-12 14:29:00'),
(464, NULL, NULL, NULL, NULL, NULL, NULL, NULL, NULL, NULL, NULL, NULL, NULL, NULL, NULL, NULL, NULL, NULL, NULL, NULL, NULL, NULL, NULL, NULL, 55, 8, '2020-09-12 14:29:00', '2020-09-12 14:29:00'),
(465, NULL, NULL, NULL, NULL, NULL, NULL, NULL, NULL, NULL, NULL, NULL, NULL, NULL, NULL, NULL, NULL, NULL, NULL, NULL, NULL, NULL, NULL, NULL, 55, 9, '2020-09-12 14:29:00', '2020-09-12 14:29:00'),
(466, NULL, NULL, NULL, NULL, NULL, NULL, NULL, NULL, NULL, NULL, NULL, NULL, NULL, NULL, NULL, NULL, NULL, NULL, NULL, NULL, NULL, NULL, NULL, 55, 10, '2020-09-12 14:29:00', '2020-09-12 14:29:00'),
(467, NULL, NULL, NULL, NULL, NULL, NULL, NULL, NULL, NULL, NULL, NULL, NULL, NULL, NULL, NULL, NULL, NULL, NULL, NULL, NULL, NULL, NULL, NULL, 55, 11, '2020-09-12 14:29:00', '2020-09-12 14:29:00'),
(468, NULL, NULL, NULL, NULL, NULL, NULL, NULL, NULL, NULL, NULL, NULL, NULL, NULL, NULL, NULL, NULL, NULL, NULL, NULL, NULL, NULL, NULL, NULL, 55, 12, '2020-09-12 14:29:00', '2020-09-12 14:29:00'),
(469, NULL, NULL, NULL, NULL, NULL, NULL, NULL, NULL, NULL, NULL, NULL, NULL, NULL, NULL, NULL, NULL, NULL, NULL, NULL, NULL, NULL, NULL, NULL, 55, 13, '2020-09-12 14:29:00', '2020-09-12 14:29:00'),
(470, NULL, NULL, NULL, NULL, NULL, NULL, NULL, NULL, NULL, NULL, NULL, NULL, NULL, NULL, NULL, NULL, NULL, NULL, NULL, NULL, NULL, NULL, NULL, 55, 14, '2020-09-12 14:29:00', '2020-09-12 14:29:00'),
(471, NULL, NULL, NULL, NULL, NULL, NULL, NULL, NULL, NULL, NULL, NULL, NULL, NULL, NULL, NULL, NULL, NULL, NULL, NULL, NULL, NULL, NULL, NULL, 55, 15, '2020-09-12 14:29:00', '2020-09-12 14:29:00'),
(472, NULL, NULL, NULL, NULL, NULL, NULL, NULL, NULL, NULL, NULL, NULL, NULL, NULL, NULL, NULL, NULL, NULL, NULL, NULL, NULL, NULL, NULL, NULL, 55, 16, '2020-09-12 14:29:00', '2020-09-12 14:29:00');

-- --------------------------------------------------------

--
-- Cấu trúc bảng cho bảng `roles`
--

CREATE TABLE `roles` (
  `id` int(10) UNSIGNED NOT NULL,
  `name` varchar(255) COLLATE utf8mb4_unicode_ci NOT NULL,
  `description` varchar(255) COLLATE utf8mb4_unicode_ci NOT NULL,
  `created_at` timestamp NULL DEFAULT current_timestamp(),
  `updated_at` timestamp NULL DEFAULT current_timestamp() ON UPDATE current_timestamp()
) ENGINE=InnoDB DEFAULT CHARSET=utf8mb4 COLLATE=utf8mb4_unicode_ci;

--
-- Đang đổ dữ liệu cho bảng `roles`
--

INSERT INTO `roles` (`id`, `name`, `description`, `created_at`, `updated_at`) VALUES
(1, 'lKTXrgh5OF', 'hyvv1c01HA', NULL, NULL),
(2, 'hjVz8507es', 'AjFNwbSuMO', NULL, NULL);

-- --------------------------------------------------------

--
-- Cấu trúc bảng cho bảng `role_user`
--

CREATE TABLE `role_user` (
  `user_id` int(10) UNSIGNED NOT NULL,
  `role_id` int(10) UNSIGNED NOT NULL,
  `created_at` timestamp NULL DEFAULT NULL,
  `updated_at` timestamp NULL DEFAULT NULL
) ENGINE=InnoDB DEFAULT CHARSET=utf8mb4 COLLATE=utf8mb4_unicode_ci;

-- --------------------------------------------------------

--
-- Cấu trúc bảng cho bảng `semesters`
--

CREATE TABLE `semesters` (
  `id` int(10) UNSIGNED NOT NULL,
  `first_id` varchar(5) COLLATE utf8mb4_unicode_ci DEFAULT 'SE',
  `start_year` varchar(10) COLLATE utf8mb4_unicode_ci NOT NULL,
  `end_year` varchar(10) COLLATE utf8mb4_unicode_ci NOT NULL,
  `description` varchar(255) COLLATE utf8mb4_unicode_ci DEFAULT NULL,
  `created_at` timestamp NOT NULL DEFAULT current_timestamp(),
  `updated_at` timestamp NOT NULL DEFAULT current_timestamp() ON UPDATE current_timestamp()
) ENGINE=InnoDB DEFAULT CHARSET=utf8mb4 COLLATE=utf8mb4_unicode_ci;

--
-- Đang đổ dữ liệu cho bảng `semesters`
--

INSERT INTO `semesters` (`id`, `first_id`, `start_year`, `end_year`, `description`, `created_at`, `updated_at`) VALUES
(9, 'SE', '2020', '2021', 'không có', '2020-08-29 07:14:58', '2020-09-12 14:09:19');

-- --------------------------------------------------------

--
-- Cấu trúc bảng cho bảng `students`
--

CREATE TABLE `students` (
  `id` int(255) UNSIGNED NOT NULL,
  `first_id` varchar(5) COLLATE utf8mb4_unicode_ci DEFAULT 'HS',
  `first_name` varchar(255) COLLATE utf8mb4_unicode_ci DEFAULT NULL,
  `name` varchar(255) COLLATE utf8mb4_unicode_ci NOT NULL,
  `sex` varchar(255) COLLATE utf8mb4_unicode_ci NOT NULL,
  `birthday` varchar(255) COLLATE utf8mb4_unicode_ci NOT NULL,
  `status` varchar(255) COLLATE utf8mb4_unicode_ci DEFAULT NULL,
  `birthplace` varchar(255) COLLATE utf8mb4_unicode_ci DEFAULT NULL,
  `created_at` timestamp NOT NULL DEFAULT current_timestamp(),
  `updated_at` timestamp NOT NULL DEFAULT current_timestamp() ON UPDATE current_timestamp()
) ENGINE=InnoDB DEFAULT CHARSET=utf8mb4 COLLATE=utf8mb4_unicode_ci;

--
-- Đang đổ dữ liệu cho bảng `students`
--

INSERT INTO `students` (`id`, `first_id`, `first_name`, `name`, `sex`, `birthday`, `status`, `birthplace`, `created_at`, `updated_at`) VALUES
(50, 'HS', 'eyJpdiI6InhCUmd2SGMvcVpnc0RuUXA0WDFyQ2c9PSIsInZhbHVlIjoieWxqeXkzZjV1Lzk4bFBJcklJVktSUT09IiwibWFjIjoiMTMxYmI3MDBiYjkzZjA1NWM0YWZhYTAzNzBmYzAxZTQzYWEwZjkyZTI0NmY3ZWMzNmUwN2RjMmU5YzVjM2U1MSJ9', 'eyJpdiI6IklnRTE2dUZRYVY0WnpzWWhzb3RJQXc9PSIsInZhbHVlIjoiWUw4RTg0eE5qT1JSSlBReExSVksxZz09IiwibWFjIjoiYmMxMTc2Y2JjMGU2MTEyNzAzNGM4NDQ4NjVhODVmNTYwZjI4OGFlYWIwNTU3N2U4YzlkZWMzZDUxNTNlYjY0NSJ9', 'eyJpdiI6ImI1bzgxNGlxdHlyL0hRWWttSDVnRUE9PSIsInZhbHVlIjoiWDAvaVllVDhjTnZxMldhV0NnN0tWZz09IiwibWFjIjoiMmE0MDc4Mzk2Mzk4OGU0MTc4YTdiODg1OGQ1NjcwMGNiMzYwM2QwMjA3NmExNGQ2ZTdmOWE0YjAzN2I2MTA2MSJ9', 'eyJpdiI6IlpTQkVMWjRXZTJweEFuWDRmWUp5OEE9PSIsInZhbHVlIjoiS3E0aXVTL0UrOGRScXZMcTczRkJCZz09IiwibWFjIjoiMDQ4ZjY1ZWMxOTAwMWYyOTA0NTIwNzc5NzhhYmRhZmNhZmY2ZjBhOGNiNzljMjYzYzNkYWJjNmE3YzExMzhlYyJ9', 'eyJpdiI6IkZzVmFPbzBGaGl5cnVQWW1weWdyWnc9PSIsInZhbHVlIjoiakFSTXczSG9ubHZuRm84VWRCb21NUT09IiwibWFjIjoiNDgxMTBmNmMwYmQ4YmMwYzA4MzcwOGZmZTIzMzUxYjdlNTU3OWEwMWZhOTczZGQxNzllYTY3M2QyMjk4MjU1MSJ9', 'eyJpdiI6IktobDJoWm05bnJHR1JNa3FyN3Z6M0E9PSIsInZhbHVlIjoiYXlwY0wxOHQ4VGhqbzN1WHpOY2lxQT09IiwibWFjIjoiZDEyY2M0MzQyYzRhYzVjMDA0Njg2ZjFmYzVmNzExMzQxMDI3NjMyMGFmOTc5NWRlMzYyMjlhZDdlNDU4YWJlYSJ9', '2020-09-12 12:10:04', '2020-09-12 14:27:45'),
(51, 'HS', 'eyJpdiI6IkZxeVZHT3dUL2htWjZRTnhEb256dWc9PSIsInZhbHVlIjoiTnVQaGtNN3IvWmxyNDNlM2dCcDdDQT09IiwibWFjIjoiMWQ5NzBkZWU5N2NmZmQ5NjVkNDU4ZTg5ZjcyY2QwZTZkMTczZGViZjhkN2ZjNDYyM2UzMTA3MmJiMmVlYTQyYiJ9', 'eyJpdiI6Ik9vcFZYVEg2blpaS2FuajJONm5ncEE9PSIsInZhbHVlIjoiRzMrTFlPRWVZVVJpUmZyN2dXRWQwdz09IiwibWFjIjoiMjk2ZWRmZTVhODU5ZTRhN2RlZmFmNzZlOTRkMWRlYzEwZTNlMjEwNDRiMGFlOGI5ZDVmOWJjNGRkMTM0YjM0NSJ9', 'eyJpdiI6Ik41cnFuTXJCVEcvZVJaVk02emV3d0E9PSIsInZhbHVlIjoiNWx4YndVZVNodFFlVXVqMnJzVm9wUT09IiwibWFjIjoiYjRmNGM0MWM4MWIwNzkwNzc2MjdjNGNkYmJlNGRhNDMwNTI3MjFjYWViMjlmNDIyYWZiMTc5ZGQwYzc2MGMyMiJ9', 'eyJpdiI6ImVYeEk0UkYyTzB6MEZ1aVJFNzVjL0E9PSIsInZhbHVlIjoiTzFBdzV5YVViK0x4WmlYZzloam55QT09IiwibWFjIjoiZGIzZTkyNTI1NDE2NGNhNmExNjI4NTkxMjAyMWYyOGEzM2ZlYzdmNGM0Y2M1YWI1NTgyYjE0NzZlZmEyYTE4MCJ9', 'eyJpdiI6IjVTME9FYlpkb3VIY2R5TWViaG1ibWc9PSIsInZhbHVlIjoiQW1GT2hTU3JVemg0WTY0QVR4d01CQT09IiwibWFjIjoiZjY4YWRlNDZmYjU1NDQ5YWM0NTc1ZjdkOWVhNmUwYjY4NjcwMzg5OGYzMjBmZjRmOGNmZDBiYzg5OTdhMjNlOCJ9', 'eyJpdiI6IjFyTVNNNE1Ga0xnanAyQVF6U2wwSFE9PSIsInZhbHVlIjoiQkZyRTJWSVRIV2NETHdDbG9FN2NuZz09IiwibWFjIjoiNThmMDQwZjBjOTQzNDU2NjE0YjNlMzcwOWM2NDdkMDI2NTMzZDhlZDY1MWM1OTkwNjBkMjc1ZmM1YzE5MjM4YyJ9', '2020-09-12 14:27:32', '2020-09-12 14:29:43'),
(52, 'HS', 'eyJpdiI6ImN5TVIzSEpFWnJ0TWx1M0R0L2JsMGc9PSIsInZhbHVlIjoiZjdrODF2M0ZpMlZKWDdtcVBTaTF2Zz09IiwibWFjIjoiNGY3NzliNGI3N2NmZmVkZjJjNzFjOTVmOWJiZjIzYTI3NWUzMGMwOTc4ZWE4ZDRlMjQ3MWE4ZWFlMmRjYmFmMSJ9', 'eyJpdiI6IkR1YjEwZHErajhXdmhUb0FkdGxMR0E9PSIsInZhbHVlIjoiOHE0V1BvUVRKYVNnclczTTVzd0VXQT09IiwibWFjIjoiNDIwNzIzYjVhOTIyODIwYjUxZjlmNDAzNjNlODdlMGY4NTEwNjY1ZDI1M2I3NmFiMTQxMWQzMGQwZmI3YjJhMSJ9', 'eyJpdiI6IjVGWmZtakJQSWxBNjJGZE56aTNEK2c9PSIsInZhbHVlIjoiRFVBdEVzb3cwcGw5SUhhSTk2dVFWZz09IiwibWFjIjoiOWMxNjU3NDJkMTMxYTc2MmY2N2M4NzJjMThmNGEwY2Y1OTczNTAwNDM4ZDM5MzhkMWJmMDJjNTIzNmYwYThjOSJ9', 'eyJpdiI6ImJ2SnQxNjk5R2w2dW53MlhsazlmTEE9PSIsInZhbHVlIjoiTjYzY2xKT3hsNjM4THprSXJyOWNqUT09IiwibWFjIjoiMzNjZTVmODJmMzU1OTU2MzdhNGNlMjNlMWU4YzZiNzY2YTczMjczMmY2NmU3YWI1NDI5M2FhMDY0NDI5ZTgzNiJ9', 'eyJpdiI6IlFpaWIwK2VIZU1QMmJWV0VLa0owa2c9PSIsInZhbHVlIjoiS21UU3BySjRiWDdDYzBTTkNKaCtKdz09IiwibWFjIjoiNGM4OGI3YmM5ZmYwNGYwYmRlZmJkNjUwYTA1NTNmOTVlMDJhZDdmYjA1ODczZjI5YjkzNzllOGEyZjUxN2E2ZSJ9', 'eyJpdiI6IndQa3VabUo5c05TK2RRa0FzMU5FSEE9PSIsInZhbHVlIjoiZENJQ3MyVFZCS01aSVIrR0d3MzN5dz09IiwibWFjIjoiOGY3MjgwNTg0MjBhMGMyMTliZDlhOGFiZGIxMjdjNGM3ZTk4ZTZiZDdlMDVjNTI3N2FjNDU4NTBkMDIzZTllMyJ9', '2020-09-12 14:28:06', '2020-09-12 14:29:17'),
(53, 'HS', 'eyJpdiI6ImVweEdKaW1XQVdrM2lKWGJITkVoYmc9PSIsInZhbHVlIjoiSnU3YVF0N2ZzTUhBY0wwcitXN2RPQT09IiwibWFjIjoiMmJmMjQ5YTAwNzBjZDdjZjQ1YjI0NjU5ZTJmN2M2Y2ZkNGJmNGE3ZTc2MWQzZTNhM2FmYTEwZmVkZjk1YzM3OCJ9', 'eyJpdiI6IndMdEd5cGlpelE3a2k0QmMzOERVd1E9PSIsInZhbHVlIjoickxpR0JpdUN6UjgweENBekU0dnluZz09IiwibWFjIjoiZGZiMTFkNmQ5OWYwOGE4MTQ0NzcwZDNmYjJkNDljZWU3NmIzYWJmNTg2ZDhmNDZlZWQ4OTBlZmI0OWZmNjkxZSJ9', 'eyJpdiI6IkNVN0Vjc0p2K1RjWlhydDNqQXR5Ync9PSIsInZhbHVlIjoic1dOMWFXelBYTlJZT3ljdjlwYnhLUT09IiwibWFjIjoiMjMwM2ExNGNiYThmYTZhNzM2NTViZTVhYmVlZTAyY2UxNzBlYjg2NjI2MDQ2ZTZkZTEzMTVkMGZjNmJhM2E3NiJ9', 'eyJpdiI6InlpQ1llKzBNTGhYNVpKNW1naE1ldVE9PSIsInZhbHVlIjoiUDBtaEpPS3hNZXJsaExmSlRPT1dCdz09IiwibWFjIjoiOTk3YjJlYTM0Yzk1MmRlNTdlZjdlODdmMDYxMWYxMjE2MmIzN2IwNTRlYTA0ZmRmMjQxNWQxZWE4MjJlYWY2ZSJ9', 'eyJpdiI6IjVkZ2ZJK0k1QUJmMURqWXNrMEFpY1E9PSIsInZhbHVlIjoiV3VxZE9iK0dDcVFkcWpJSWd2RVVhdz09IiwibWFjIjoiMjQ2Yjc2YjkyMzdmZWU4NzUxOGRiZDc2YzFlZTEyNzY4NDE5MGQ4ZjhkMWZjYjQ0Mzc1NThhZTI3OTVkODhlNSJ9', 'eyJpdiI6ImMzaldlVnZ2UnlHdkIvdmFvUmZCZVE9PSIsInZhbHVlIjoiWEoycmZTTEl5enJLR1JXUURqT3pFUT09IiwibWFjIjoiZDNhNWNlNzhiODFhMTI0YTY2ZjEwZjk0YjhmNzU1MjdjZjc5YjhmNWVhYzQ0MDY0ODQ0N2NlNmZkOTdlMjI0MCJ9', '2020-09-12 14:28:22', '2020-09-12 14:29:36'),
(54, 'HS', 'eyJpdiI6Ii9vTEVkNk0rK1lOaFhCTDVVSm1ZNUE9PSIsInZhbHVlIjoiWk1OY0ZiYW5qcnN0WnZCcExQVFdYQT09IiwibWFjIjoiYzM1OTM5YzQ0MGQ0NWY3NzFiODM5MGYyMjBmYTU2ZTQ0NzE2OTg3M2ZjNDA0N2VmOTliYTQzNTYzZjc2YWZjNiJ9', 'eyJpdiI6IjAwcjZ3eWRpRTk5b0RkL0tuSElDRVE9PSIsInZhbHVlIjoibFJaUEhOZnZFa2dGeGFTZ0VTYTQ0UT09IiwibWFjIjoiODE1YTRiNzBlZWNjODg0NGY2YmZlZDNhYjliZmMzNzRiZjVjNThiOTA1NWFjZTI0Nzk0YzgzNGVlMTkxYTdlYyJ9', 'eyJpdiI6IkZ3Ukxzbk1reGlKd1JaWWdMcXRsN2c9PSIsInZhbHVlIjoiT2t1dDVlamxLdHZzYUVVMmVaOUZLZz09IiwibWFjIjoiNGMzMTNlMzAyMDZmMWUxM2ZhNWI2NTkxYTM3MzYyYjY2N2Q5NTRjM2Q2N2NiNmJjMDMxZWY4NWQxMzBlZDgxMiJ9', 'eyJpdiI6Ik1oYXdCaHNIbHNEMlBIcmhJVVloclE9PSIsInZhbHVlIjoiSHhnQW1DT0xOUnIvWmk4ZzZnZmI2UT09IiwibWFjIjoiOWZmYzg3NDFkN2NhZjliNDdlZGQ5N2YwZGE4YjM2YjMwZDNjM2MyMjFiMzI1Mjk3ODAzZGE5MjQyMDlhNGIwZSJ9', 'eyJpdiI6IkRaSlVzN09Iam5md3Ftd3o1WlhlMmc9PSIsInZhbHVlIjoiK2VBalVrQWtKeWg1L3hUM0Z0TCttdz09IiwibWFjIjoiNTA2YjQzMjc0NDZiMGZmNzgwODlmZjBhOWE4MjYyNGRmNzhhNDY4NGY0ODE1MGYxMmY0MWRhY2Q3Nzk3MjE0ZiJ9', 'eyJpdiI6InJVQzJDZDBuYTZ3R0gwN29obUI2OEE9PSIsInZhbHVlIjoiZHRYSlp4aXFXRGo4VCsvZngvNExTZz09IiwibWFjIjoiODgyN2MzMjAzYjIyMmU5OWEzNDQ2OWUxOWRjYmMyNzEzMzk1ZjBiYjJjYjI3OTMzZWNkYzkyNWY0MGMzNGNlZSJ9', '2020-09-12 14:28:38', '2020-09-12 14:29:22'),
(55, 'HS', 'eyJpdiI6InM5WlIxQzFoT0tSd3h3OXd0Y2VoV1E9PSIsInZhbHVlIjoidDJIZ2tBTythR3FXZEVvT1NNV29hQT09IiwibWFjIjoiMTE2YTcxMGNiZWYzOTIzMmRhZDhmNmRhMTU2Nzg5ODdjNjVhMGNhMjVlMDQyZGY1MTA5ODFjZGZmMTZhNzZlYyJ9', 'eyJpdiI6Ikp4NWFyelEwbmxKQzBwWitqUTNFU0E9PSIsInZhbHVlIjoiUjdaQm1YQlN4cjdKZko4NkovUGlnUT09IiwibWFjIjoiOTE1YjQyNWI2M2QxYzMyNmU3ZjI3NTE1OTk2ZTg0MDgxNGQ3MWE2MzcwMzY5MzM4YTFjNTFhYmIzNjRjOGU5MCJ9', 'eyJpdiI6Im9rNXlhUWg4M0hJQmhoTjdRLzF1M2c9PSIsInZhbHVlIjoibzVCNDgyaVhCU0lMTzY4ZUJuOW44Zz09IiwibWFjIjoiY2YwOWZhZjA4ODI4ZTZmMWNlODVkM2QwZGE0ZTBlZThkMDM2MmMzYWVkNWQyN2EzOTdiZTA3ZDY3YjQyM2JjYSJ9', 'eyJpdiI6ImVyUUlLdzJ3VHZ0VXBtK0l0MldVTlE9PSIsInZhbHVlIjoib3orWVpRcU5pTEhIUjFkaWo3WWFDQT09IiwibWFjIjoiOTkzNjk2NmVlMTBkMTU4NTlkNDExMzgxNjI1NzUzZDEyNzViMGNlZGYwNzc5ZDZjNjhhYWZjMjBhZjU5YjU0MSJ9', 'eyJpdiI6InRvTzlVUXNhZlJZSUhPU2Jvb1dFZ0E9PSIsInZhbHVlIjoiYTZHdzI1TDFpQjZERlMyUEFHbzc3Zz09IiwibWFjIjoiOTAwNTRiYjc0NjIyZDk5YTE4ZTJlM2E4MTQ5MjhiNDNjNTQyOGIzNjlhM2Q5YmM2YzAzNmVmN2NmOGE3MjI4YyJ9', 'eyJpdiI6InFNaDFOQTl6OWRycy82S1Z6Z1pSdHc9PSIsInZhbHVlIjoiS2hqVkY3KzZaekEyNXJFMGExTmRnZz09IiwibWFjIjoiZjQ0MmRkODIyNzg3OTgyZGRlM2RiNmM2ZmE5M2QzYTEwZDQxZDQ2ZDRkZjY0NTQ5MDEzMDM3ZjNkMzhlMmMyYSJ9', '2020-09-12 14:29:00', '2020-09-12 14:29:27');

-- --------------------------------------------------------

--
-- Cấu trúc bảng cho bảng `subjects`
--

CREATE TABLE `subjects` (
  `id` int(10) UNSIGNED NOT NULL,
  `first_id` varchar(5) COLLATE utf8mb4_unicode_ci DEFAULT 'MH',
  `name` varchar(255) COLLATE utf8mb4_unicode_ci NOT NULL,
  `description` varchar(255) COLLATE utf8mb4_unicode_ci DEFAULT NULL,
  `grade_id` int(11) NOT NULL,
  `created_at` timestamp NOT NULL DEFAULT current_timestamp(),
  `updated_at` timestamp NOT NULL DEFAULT current_timestamp() ON UPDATE current_timestamp()
) ENGINE=InnoDB DEFAULT CHARSET=utf8mb4 COLLATE=utf8mb4_unicode_ci;

--
-- Đang đổ dữ liệu cho bảng `subjects`
--

INSERT INTO `subjects` (`id`, `first_id`, `name`, `description`, `grade_id`, `created_at`, `updated_at`) VALUES
(4, 'MH', 'Ngữ văn', NULL, 5, '2020-08-27 06:44:45', '2020-08-27 06:44:45'),
(5, 'MH', 'Ngoại ngữ', NULL, 5, '2020-08-27 06:45:17', '2020-08-27 06:45:17'),
(6, 'MH', 'Toán học', NULL, 5, '2020-08-27 06:45:35', '2020-08-27 06:45:35'),
(7, 'MH', 'Giáo dục công dân', NULL, 5, '2020-08-27 06:45:50', '2020-08-27 06:50:44'),
(8, 'MH', 'Lịch sử', NULL, 5, '2020-08-27 06:46:24', '2020-08-27 06:46:24'),
(9, 'MH', 'Địa lý', NULL, 5, '2020-08-27 06:46:32', '2020-08-27 06:46:32'),
(10, 'MH', 'Vật lý', NULL, 5, '2020-08-27 06:46:53', '2020-08-27 06:46:53'),
(11, 'MH', 'Hóa học', NULL, 5, '2020-08-27 06:47:01', '2020-08-27 06:47:01'),
(12, 'MH', 'Sinh học', NULL, 5, '2020-08-27 06:47:08', '2020-08-27 06:50:31'),
(13, 'MH', 'Công nghệ', NULL, 5, '2020-08-27 06:47:38', '2020-08-27 06:47:38'),
(14, 'MH', 'Tin học', NULL, 5, '2020-08-27 06:47:53', '2020-08-27 06:47:53'),
(15, 'MH', 'Thể dục', NULL, 5, '2020-08-27 06:48:53', '2020-08-27 06:48:53'),
(16, 'MH', 'Giáo dục quốc phòng', 'mô tả gì đó về môn học này', 5, '2020-08-29 06:12:28', '2020-08-29 06:12:28');

-- --------------------------------------------------------

--
-- Cấu trúc bảng cho bảng `users`
--

CREATE TABLE `users` (
  `id` int(10) UNSIGNED NOT NULL,
  `name` varchar(255) COLLATE utf8mb4_unicode_ci DEFAULT NULL,
  `account` varchar(255) COLLATE utf8mb4_unicode_ci NOT NULL,
  `password` varchar(255) COLLATE utf8mb4_unicode_ci NOT NULL,
  `active` tinyint(4) NOT NULL DEFAULT 0,
  `remember_token` varchar(100) COLLATE utf8mb4_unicode_ci DEFAULT NULL,
  `created_at` timestamp NULL DEFAULT current_timestamp(),
  `updated_at` timestamp NULL DEFAULT current_timestamp() ON UPDATE current_timestamp(),
  `super_admin` tinyint(4) DEFAULT NULL,
  `subject_id` int(11) DEFAULT NULL,
  `main` varchar(50) COLLATE utf8mb4_unicode_ci DEFAULT NULL,
  `birthday` date DEFAULT NULL
) ENGINE=InnoDB DEFAULT CHARSET=utf8mb4 COLLATE=utf8mb4_unicode_ci;

--
-- Đang đổ dữ liệu cho bảng `users`
--

INSERT INTO `users` (`id`, `name`, `account`, `password`, `active`, `remember_token`, `created_at`, `updated_at`, `super_admin`, `subject_id`, `main`, `birthday`) VALUES
(1, 'Admin', 'Admin', '$2y$10$5rUWnuRMzSuBAcKBbyRjpOudVyBuaVJnGpYxKQt.WfudGOYUcwrLi', 0, 'kntxhez2SI2SdboJLWdtIFXMO4hisAe1tyPWdWBvbAoHkzqc9a2yIYXE83kB', NULL, '2020-10-13 03:16:07', 0, 0, '18', '2020-08-14'),
(14, 'Giáo viên A', 'user1', '$2y$10$3hQThEPWC4Oca8gJOXZPfuJ42qWWpG1aFyUmU8pOg05g1aoWMpiLu', 0, NULL, '2020-08-29 07:32:13', '2020-09-12 14:31:27', 2, 4, '15', '2020-08-14'),
(15, 'Quản trị viên A', 'qtv1', '$2y$10$vO0aENfG.wBY4YTZtEkIfe.WrHuKLpzP5NoloZTG97llecefEmzWC', 0, NULL, '2020-08-29 07:39:51', '2020-09-12 14:26:04', 1, -1, '24', '2020-08-22');

--
-- Chỉ mục cho các bảng đã đổ
--

--
-- Chỉ mục cho bảng `classes`
--
ALTER TABLE `classes`
  ADD PRIMARY KEY (`id`),
  ADD KEY `classes_semester_id_foreign` (`semester_id`),
  ADD KEY `classes_grade_id_foreign` (`grade_id`);

--
-- Chỉ mục cho bảng `class_student`
--
ALTER TABLE `class_student`
  ADD PRIMARY KEY (`id`),
  ADD KEY `class_student_class_id_foreign` (`class_id`),
  ADD KEY `class_student_student_id_foreign` (`student_id`);

--
-- Chỉ mục cho bảng `class_subjects`
--
ALTER TABLE `class_subjects`
  ADD PRIMARY KEY (`id`),
  ADD KEY `class_subjects_class_id_foreign` (`class_id`),
  ADD KEY `class_subjects_subject_id_foreign` (`subject_id`);

--
-- Chỉ mục cho bảng `class_user`
--
ALTER TABLE `class_user`
  ADD PRIMARY KEY (`id`),
  ADD KEY `class_user_class_id_foreign` (`class_id`),
  ADD KEY `class_user_user_id_foreign` (`user_id`);

--
-- Chỉ mục cho bảng `grades`
--
ALTER TABLE `grades`
  ADD PRIMARY KEY (`id`);

--
-- Chỉ mục cho bảng `migrations`
--
ALTER TABLE `migrations`
  ADD PRIMARY KEY (`id`);

--
-- Chỉ mục cho bảng `permissions`
--
ALTER TABLE `permissions`
  ADD PRIMARY KEY (`id`);

--
-- Chỉ mục cho bảng `permission_role`
--
ALTER TABLE `permission_role`
  ADD KEY `permission_role_permission_id_foreign` (`permission_id`),
  ADD KEY `permission_role_role_id_foreign` (`role_id`);

--
-- Chỉ mục cho bảng `points`
--
ALTER TABLE `points`
  ADD PRIMARY KEY (`id`),
  ADD KEY `points_subject_id_foreign` (`subject_id`),
  ADD KEY `points_student_id_foreign` (`student_id`);

--
-- Chỉ mục cho bảng `roles`
--
ALTER TABLE `roles`
  ADD PRIMARY KEY (`id`);

--
-- Chỉ mục cho bảng `role_user`
--
ALTER TABLE `role_user`
  ADD KEY `role_user_user_id_foreign` (`user_id`),
  ADD KEY `role_user_role_id_foreign` (`role_id`);

--
-- Chỉ mục cho bảng `semesters`
--
ALTER TABLE `semesters`
  ADD PRIMARY KEY (`id`);

--
-- Chỉ mục cho bảng `students`
--
ALTER TABLE `students`
  ADD PRIMARY KEY (`id`);

--
-- Chỉ mục cho bảng `subjects`
--
ALTER TABLE `subjects`
  ADD PRIMARY KEY (`id`);

--
-- Chỉ mục cho bảng `users`
--
ALTER TABLE `users`
  ADD PRIMARY KEY (`id`),
  ADD UNIQUE KEY `users_account_unique` (`account`);

--
-- AUTO_INCREMENT cho các bảng đã đổ
--

--
-- AUTO_INCREMENT cho bảng `classes`
--
ALTER TABLE `classes`
  MODIFY `id` int(10) UNSIGNED NOT NULL AUTO_INCREMENT, AUTO_INCREMENT=25;

--
-- AUTO_INCREMENT cho bảng `class_student`
--
ALTER TABLE `class_student`
  MODIFY `id` int(10) UNSIGNED NOT NULL AUTO_INCREMENT, AUTO_INCREMENT=53;

--
-- AUTO_INCREMENT cho bảng `class_subjects`
--
ALTER TABLE `class_subjects`
  MODIFY `id` int(10) UNSIGNED NOT NULL AUTO_INCREMENT;

--
-- AUTO_INCREMENT cho bảng `class_user`
--
ALTER TABLE `class_user`
  MODIFY `id` int(10) UNSIGNED NOT NULL AUTO_INCREMENT, AUTO_INCREMENT=13;

--
-- AUTO_INCREMENT cho bảng `grades`
--
ALTER TABLE `grades`
  MODIFY `id` int(10) UNSIGNED NOT NULL AUTO_INCREMENT, AUTO_INCREMENT=6;

--
-- AUTO_INCREMENT cho bảng `migrations`
--
ALTER TABLE `migrations`
  MODIFY `id` int(10) UNSIGNED NOT NULL AUTO_INCREMENT, AUTO_INCREMENT=31;

--
-- AUTO_INCREMENT cho bảng `permissions`
--
ALTER TABLE `permissions`
  MODIFY `id` int(10) UNSIGNED NOT NULL AUTO_INCREMENT, AUTO_INCREMENT=2;

--
-- AUTO_INCREMENT cho bảng `points`
--
ALTER TABLE `points`
  MODIFY `id` int(10) UNSIGNED NOT NULL AUTO_INCREMENT, AUTO_INCREMENT=473;

--
-- AUTO_INCREMENT cho bảng `roles`
--
ALTER TABLE `roles`
  MODIFY `id` int(10) UNSIGNED NOT NULL AUTO_INCREMENT, AUTO_INCREMENT=3;

--
-- AUTO_INCREMENT cho bảng `semesters`
--
ALTER TABLE `semesters`
  MODIFY `id` int(10) UNSIGNED NOT NULL AUTO_INCREMENT, AUTO_INCREMENT=11;

--
-- AUTO_INCREMENT cho bảng `students`
--
ALTER TABLE `students`
  MODIFY `id` int(255) UNSIGNED NOT NULL AUTO_INCREMENT, AUTO_INCREMENT=56;

--
-- AUTO_INCREMENT cho bảng `subjects`
--
ALTER TABLE `subjects`
  MODIFY `id` int(10) UNSIGNED NOT NULL AUTO_INCREMENT, AUTO_INCREMENT=17;

--
-- AUTO_INCREMENT cho bảng `users`
--
ALTER TABLE `users`
  MODIFY `id` int(10) UNSIGNED NOT NULL AUTO_INCREMENT, AUTO_INCREMENT=16;

--
-- Các ràng buộc cho các bảng đã đổ
--

--
-- Các ràng buộc cho bảng `classes`
--
ALTER TABLE `classes`
  ADD CONSTRAINT `classes_grade_id_foreign` FOREIGN KEY (`grade_id`) REFERENCES `grades` (`id`) ON DELETE CASCADE,
  ADD CONSTRAINT `classes_semester_id_foreign` FOREIGN KEY (`semester_id`) REFERENCES `semesters` (`id`) ON DELETE CASCADE;

--
-- Các ràng buộc cho bảng `class_student`
--
ALTER TABLE `class_student`
  ADD CONSTRAINT `class_student_class_id_foreign` FOREIGN KEY (`class_id`) REFERENCES `classes` (`id`) ON DELETE CASCADE,
  ADD CONSTRAINT `class_student_student_id_foreign` FOREIGN KEY (`student_id`) REFERENCES `students` (`id`) ON DELETE CASCADE;

--
-- Các ràng buộc cho bảng `class_subjects`
--
ALTER TABLE `class_subjects`
  ADD CONSTRAINT `class_subjects_class_id_foreign` FOREIGN KEY (`class_id`) REFERENCES `classes` (`id`) ON DELETE CASCADE,
  ADD CONSTRAINT `class_subjects_subject_id_foreign` FOREIGN KEY (`subject_id`) REFERENCES `subjects` (`id`) ON DELETE CASCADE;

--
-- Các ràng buộc cho bảng `class_user`
--
ALTER TABLE `class_user`
  ADD CONSTRAINT `class_user_class_id_foreign` FOREIGN KEY (`class_id`) REFERENCES `classes` (`id`) ON DELETE CASCADE,
  ADD CONSTRAINT `class_user_user_id_foreign` FOREIGN KEY (`user_id`) REFERENCES `users` (`id`) ON DELETE CASCADE;

--
-- Các ràng buộc cho bảng `permission_role`
--
ALTER TABLE `permission_role`
  ADD CONSTRAINT `permission_role_permission_id_foreign` FOREIGN KEY (`permission_id`) REFERENCES `permissions` (`id`) ON DELETE CASCADE,
  ADD CONSTRAINT `permission_role_role_id_foreign` FOREIGN KEY (`role_id`) REFERENCES `roles` (`id`) ON DELETE CASCADE;

--
-- Các ràng buộc cho bảng `points`
--
ALTER TABLE `points`
  ADD CONSTRAINT `points_student_id_foreign` FOREIGN KEY (`student_id`) REFERENCES `students` (`id`) ON DELETE CASCADE,
  ADD CONSTRAINT `points_subject_id_foreign` FOREIGN KEY (`subject_id`) REFERENCES `subjects` (`id`) ON DELETE CASCADE;

--
-- Các ràng buộc cho bảng `role_user`
--
ALTER TABLE `role_user`
  ADD CONSTRAINT `role_user_role_id_foreign` FOREIGN KEY (`role_id`) REFERENCES `roles` (`id`) ON DELETE CASCADE,
  ADD CONSTRAINT `role_user_user_id_foreign` FOREIGN KEY (`user_id`) REFERENCES `users` (`id`) ON DELETE CASCADE;
COMMIT;

/*!40101 SET CHARACTER_SET_CLIENT=@OLD_CHARACTER_SET_CLIENT */;
/*!40101 SET CHARACTER_SET_RESULTS=@OLD_CHARACTER_SET_RESULTS */;
/*!40101 SET COLLATION_CONNECTION=@OLD_COLLATION_CONNECTION */;
